origin_id,origin_zone,count(*),school_lat,school_long,dest_id,dest_school,zone_lat,zone_long,,
1,Babesa,249,27.426344,89.657088,101,Babesa HSS,27.4291816677,89.6472096023,,
3,Bjemina,1,27.426344,89.657088,101,Babesa HSS,27.402968,89.570704,,
4,Changangkha,1,27.426344,89.657088,101,Babesa HSS,27.4724539904,89.6308464685,,
5,Changgidaphu,2,27.426344,89.657088,101,Babesa HSS,27.4599353896,89.6333761155,,
6,Changjalu,7,27.426344,89.657088,101,Babesa HSS,27.4469707462,89.6587524835,,
7,Changzamtog,5,27.426344,89.657088,101,Babesa HSS,27.4611489703,89.641853715,,
8,Chanjiji,2,27.426344,89.657088,101,Babesa HSS,27.4555043578,89.6529220173,,
9,Core,1,27.426344,89.657088,101,Babesa HSS,27.4733136477,89.6382533581,,
10,Debsi,16,27.426344,89.657088,101,Babesa HSS,27.4315666969,89.6403752994,,
11,Dechencholing,1,27.426344,89.657088,101,Babesa HSS,27.5326052807,89.6425383727,,
13,Gangchey,15,27.426344,89.657088,101,Babesa HSS,27.4177850318,89.6418826587,,
17,Jungshina,1,27.426344,89.657088,101,Babesa HSS,27.5107091633,89.6341291296,,
22,Langjophakha,1,27.426344,89.657088,101,Babesa HSS,27.4958974797,89.6413215052,,
23,Lubding,1,27.426344,89.657088,101,Babesa HSS,27.4497466283,89.6694540333,,
24,Motithang,2,27.426344,89.657088,101,Babesa HSS,27.4766506425,89.6197167055,,
25,Namseyling,2,27.426344,89.657088,101,Babesa HSS,27.404257,89.6064,,
26,Olakha,15,27.426344,89.657088,101,Babesa HSS,27.4469707462,89.6587524835,,
28,Ramtokto,8,27.426344,89.657088,101,Babesa HSS,27.416321,89.622819,,
29,RTC,14,27.426344,89.657088,101,Babesa HSS,27.4034984778,89.6566570452,,
30,Samtenling,1,27.426344,89.657088,101,Babesa HSS,27.50077888,89.6336932565,,
31,Serbithang,33,27.426344,89.657088,101,Babesa HSS,27.4202951523,89.6559116068,,
32,Simtokha,10,27.426344,89.657088,101,Babesa HSS,27.4344083978,89.6678739051,,
34,Tshalubar,2,27.426344,89.657088,101,Babesa HSS,27.4377037677,89.6555866401,,
35,Tshalumarphey,5,27.426344,89.657088,101,Babesa HSS,27.4377037677,89.6555866401,,
1,Babesa,375,27.429027,89.650867,102,Babesa PS,27.4291816677,89.6472096023,,
3,Bjemina,1,27.429027,89.650867,102,Babesa PS,27.402968,89.570704,,
6,Changjalu,4,27.429027,89.650867,102,Babesa PS,27.4469707462,89.6587524835,,
7,Changzamtog,4,27.429027,89.650867,102,Babesa PS,27.4611489703,89.641853715,,
8,Chanjiji,4,27.429027,89.650867,102,Babesa PS,27.4555043578,89.6529220173,,
9,Core,1,27.429027,89.650867,102,Babesa PS,27.4733136477,89.6382533581,,
10,Debsi,31,27.429027,89.650867,102,Babesa PS,27.4315666969,89.6403752994,,
12,Dzong,1,27.429027,89.650867,102,Babesa PS,27.4883002592,89.635544727,,
13,Gangchey,23,27.429027,89.650867,102,Babesa PS,27.4177850318,89.6418826587,,
18,Kabisa,1,27.429027,89.650867,102,Babesa PS,27.5490698811,89.6542996104,,
20,Khasadrapchu,1,27.429027,89.650867,102,Babesa PS,27.386985,89.584902,,
22,Langjophakha,1,27.429027,89.650867,102,Babesa PS,27.4958974797,89.6413215052,,
24,Motithang,1,27.429027,89.650867,102,Babesa PS,27.4766506425,89.6197167055,,
26,Olakha,16,27.429027,89.650867,102,Babesa PS,27.4469707462,89.6587524835,,
27,Pamtsho,2,27.429027,89.650867,102,Babesa PS,27.5107091633,89.6341291296,,
28,Ramtokto,4,27.429027,89.650867,102,Babesa PS,27.416321,89.622819,,
29,RTC,20,27.429027,89.650867,102,Babesa PS,27.4034984778,89.6566570452,,
30,Samtenling,1,27.429027,89.650867,102,Babesa PS,27.50077888,89.6336932565,,
31,Serbithang,29,27.429027,89.650867,102,Babesa PS,27.4202951523,89.6559116068,,
32,Simtokha,26,27.429027,89.650867,102,Babesa PS,27.4344083978,89.6678739051,,
33,Taba,3,27.429027,89.650867,102,Babesa PS,27.5129062519,89.6451777064,,
34,Tshalubar,2,27.429027,89.650867,102,Babesa PS,27.4377037677,89.6555866401,,
35,Tshalumarphey,18,27.429027,89.650867,102,Babesa PS,27.4377037677,89.6555866401,,
38,Zilukha,2,27.429027,89.650867,102,Babesa PS,27.4855720912,89.6302952398,,
1,Babesa,100,27.447167,89.662296,103,Chang Rigphel PS,27.4291816677,89.6472096023,,
4,Changbangdu,10,27.447167,89.662296,103,Chang Rigphel PS,27.4513917224,89.6472442834,,
5,Changgidaphu,1,27.447167,89.662296,103,Chang Rigphel PS,27.4599353896,89.6333761155,,
6,Changjalu,145,27.447167,89.662296,103,Chang Rigphel PS,27.4469707462,89.6587524835,,
7,Changzamtog,6,27.447167,89.662296,103,Chang Rigphel PS,27.4611489703,89.641853715,,
8,Chanjiji,11,27.447167,89.662296,103,Chang Rigphel PS,27.4555043578,89.6529220173,,
9,Core,1,27.447167,89.662296,103,Chang Rigphel PS,27.4733136477,89.6382533581,,
10,Debsi,9,27.447167,89.662296,103,Chang Rigphel PS,27.4315666969,89.6403752994,,
13,Gangchey,7,27.447167,89.662296,103,Chang Rigphel PS,27.4177850318,89.6418826587,,
17,Jungshina,1,27.447167,89.662296,103,Chang Rigphel PS,27.5107091633,89.6341291296,,
20,Khasadrapchu,1,27.447167,89.662296,103,Chang Rigphel PS,27.386985,89.584902,,
22,Langjophakha,2,27.447167,89.662296,103,Chang Rigphel PS,27.4958974797,89.6413215052,,
23,Lubding,14,27.447167,89.662296,103,Chang Rigphel PS,27.4497466283,89.6694540333,,
24,Motithang,1,27.447167,89.662296,103,Chang Rigphel PS,27.4766506425,89.6197167055,,
25,Namseyling,3,27.447167,89.662296,103,Chang Rigphel PS,27.404257,89.6064,,
26,Olakha,394,27.447167,89.662296,103,Chang Rigphel PS,27.4469707462,89.6587524835,,
27,Pamtsho,2,27.447167,89.662296,103,Chang Rigphel PS,27.5107091633,89.6341291296,,
31,Serbithang,1,27.447167,89.662296,103,Chang Rigphel PS,27.4202951523,89.6559116068,,
32,Simtokha,43,27.447167,89.662296,103,Chang Rigphel PS,27.4344083978,89.6678739051,,
33,Taba,1,27.447167,89.662296,103,Chang Rigphel PS,27.5129062519,89.6451777064,,
34,Tshalubar,9,27.447167,89.662296,103,Chang Rigphel PS,27.4377037677,89.6555866401,,
35,Tshalumarphey,26,27.447167,89.662296,103,Chang Rigphel PS,27.4377037677,89.6555866401,,
36,Yangchenphug,1,27.447167,89.662296,103,Chang Rigphel PS,27.467397,89.6467373768,,
37,Yoselpang,1,27.447167,89.662296,103,Chang Rigphel PS,27.462597,89.705355,,
1,Babesa,32,27.475287,89.631975,104,Changangkha MSS,27.4291816677,89.6472096023,,
2,Begana,4,27.475287,89.631975,104,Changangkha MSS,27.5718908596,89.6357002125,,
3,Bjemina,2,27.475287,89.631975,104,Changangkha MSS,27.402968,89.570704,,
4,Changangkha,230,27.475287,89.631975,104,Changangkha MSS,27.4724539904,89.6308464685,,
4,Changbangdu,8,27.475287,89.631975,104,Changangkha MSS,27.4513917224,89.6472442834,,
5,Changgidaphu,33,27.475287,89.631975,104,Changangkha MSS,27.4599353896,89.6333761155,,
6,Changjalu,16,27.475287,89.631975,104,Changangkha MSS,27.4469707462,89.6587524835,,
7,Changzamtog,48,27.475287,89.631975,104,Changangkha MSS,27.4611489703,89.641853715,,
8,Chanjiji,28,27.475287,89.631975,104,Changangkha MSS,27.4555043578,89.6529220173,,
9,Core,54,27.475287,89.631975,104,Changangkha MSS,27.4733136477,89.6382533581,,
10,Debsi,5,27.475287,89.631975,104,Changangkha MSS,27.4315666969,89.6403752994,,
11,Dechencholing,17,27.475287,89.631975,104,Changangkha MSS,27.5326052807,89.6425383727,,
13,Gangchey,2,27.475287,89.631975,104,Changangkha MSS,27.4177850318,89.6418826587,,
14,Gidakom,2,27.475287,89.631975,104,Changangkha MSS,27.404767,89.569741,,
15,Hejo,10,27.475287,89.631975,104,Changangkha MSS,27.50077888,89.6336932565,,
17,Jungshina,25,27.475287,89.631975,104,Changangkha MSS,27.5107091633,89.6341291296,,
18,Kabisa,4,27.475287,89.631975,104,Changangkha MSS,27.5490698811,89.6542996104,,
19,Kawangjangsa,20,27.475287,89.631975,104,Changangkha MSS,27.4855720912,89.6302952398,,
20,Khasadrapchu,1,27.475287,89.631975,104,Changangkha MSS,27.386985,89.584902,,
22,Langjophakha,21,27.475287,89.631975,104,Changangkha MSS,27.4958974797,89.6413215052,,
23,Lubding,1,27.475287,89.631975,104,Changangkha MSS,27.4497466283,89.6694540333,,
24,Motithang,94,27.475287,89.631975,104,Changangkha MSS,27.4766506425,89.6197167055,,
26,Olakha,25,27.475287,89.631975,104,Changangkha MSS,27.4469707462,89.6587524835,,
27,Pamtsho,3,27.475287,89.631975,104,Changangkha MSS,27.5107091633,89.6341291296,,
29,RTC,12,27.475287,89.631975,104,Changangkha MSS,27.4034984778,89.6566570452,,
30,Samtenling,15,27.475287,89.631975,104,Changangkha MSS,27.50077888,89.6336932565,,
31,Serbithang,2,27.475287,89.631975,104,Changangkha MSS,27.4202951523,89.6559116068,,
32,Simtokha,7,27.475287,89.631975,104,Changangkha MSS,27.4344083978,89.6678739051,,
33,Taba,36,27.475287,89.631975,104,Changangkha MSS,27.5129062519,89.6451777064,,
34,Tshalubar,1,27.475287,89.631975,104,Changangkha MSS,27.4377037677,89.6555866401,,
35,Tshalumarphey,3,27.475287,89.631975,104,Changangkha MSS,27.4377037677,89.6555866401,,
36,Yangchenphug,7,27.475287,89.631975,104,Changangkha MSS,27.467397,89.6467373768,,
37,Yoselpang,1,27.475287,89.631975,104,Changangkha MSS,27.462597,89.705355,,
38,Zilukha,4,27.475287,89.631975,104,Changangkha MSS,27.4855720912,89.6302952398,,
1,Babesa,59,27.460561,89.64135,105,Changzamtog MSS,27.4291816677,89.6472096023,,
2,Begana,4,27.460561,89.64135,105,Changzamtog MSS,27.5718908596,89.6357002125,,
4,Changangkha,32,27.460561,89.64135,105,Changzamtog MSS,27.4724539904,89.6308464685,,
4,Changbangdu,80,27.460561,89.64135,105,Changzamtog MSS,27.4513917224,89.6472442834,,
5,Changgidaphu,158,27.460561,89.64135,105,Changzamtog MSS,27.4599353896,89.6333761155,,
6,Changjalu,12,27.460561,89.64135,105,Changzamtog MSS,27.4469707462,89.6587524835,,
7,Changzamtog,789,27.460561,89.64135,105,Changzamtog MSS,27.4611489703,89.641853715,,
8,Chanjiji,57,27.460561,89.64135,105,Changzamtog MSS,27.4555043578,89.6529220173,,
9,Core,15,27.460561,89.64135,105,Changzamtog MSS,27.4733136477,89.6382533581,,
10,Debsi,6,27.460561,89.64135,105,Changzamtog MSS,27.4315666969,89.6403752994,,
11,Dechencholing,4,27.460561,89.64135,105,Changzamtog MSS,27.5326052807,89.6425383727,,
12,Dzong,1,27.460561,89.64135,105,Changzamtog MSS,27.4883002592,89.635544727,,
15,Hejo,3,27.460561,89.64135,105,Changzamtog MSS,27.50077888,89.6336932565,,
16,Hongtsho,1,27.460561,89.64135,105,Changzamtog MSS,27.485941,89.724004,,
17,Jungshina,5,27.460561,89.64135,105,Changzamtog MSS,27.5107091633,89.6341291296,,
18,Kabisa,3,27.460561,89.64135,105,Changzamtog MSS,27.5490698811,89.6542996104,,
19,Kawangjangsa,4,27.460561,89.64135,105,Changzamtog MSS,27.4855720912,89.6302952398,,
20,Khasadrapchu,2,27.460561,89.64135,105,Changzamtog MSS,27.386985,89.584902,,
21,Kungacholing,1,27.460561,89.64135,105,Changzamtog MSS,27.4766506425,89.6197167055,,
22,Langjophakha,4,27.460561,89.64135,105,Changzamtog MSS,27.4958974797,89.6413215052,,
24,Motithang,10,27.460561,89.64135,105,Changzamtog MSS,27.4766506425,89.6197167055,,
25,Namseyling,2,27.460561,89.64135,105,Changzamtog MSS,27.404257,89.6064,,
26,Olakha,57,27.460561,89.64135,105,Changzamtog MSS,27.4469707462,89.6587524835,,
27,Pamtsho,2,27.460561,89.64135,105,Changzamtog MSS,27.5107091633,89.6341291296,,
28,Ramtokto,1,27.460561,89.64135,105,Changzamtog MSS,27.416321,89.622819,,
29,RTC,5,27.460561,89.64135,105,Changzamtog MSS,27.4034984778,89.6566570452,,
30,Samtenling,7,27.460561,89.64135,105,Changzamtog MSS,27.50077888,89.6336932565,,
31,Serbithang,2,27.460561,89.64135,105,Changzamtog MSS,27.4202951523,89.6559116068,,
32,Simtokha,11,27.460561,89.64135,105,Changzamtog MSS,27.4344083978,89.6678739051,,
33,Taba,11,27.460561,89.64135,105,Changzamtog MSS,27.5129062519,89.6451777064,,
34,Tshalubar,1,27.460561,89.64135,105,Changzamtog MSS,27.4377037677,89.6555866401,,
35,Tshalumarphey,3,27.460561,89.64135,105,Changzamtog MSS,27.4377037677,89.6555866401,,
36,Yangchenphug,8,27.460561,89.64135,105,Changzamtog MSS,27.467397,89.6467373768,,
37,Yoselpang,8,27.460561,89.64135,105,Changzamtog MSS,27.462597,89.705355,,
38,Zilukha,3,27.460561,89.64135,105,Changzamtog MSS,27.4855720912,89.6302952398,,
1,Babesa,5,27.526811,89.644576,106,Dechencholing HSS,27.4291816677,89.6472096023,,
2,Begana,7,27.526811,89.644576,106,Dechencholing HSS,27.5718908596,89.6357002125,,
4,Changangkha,1,27.526811,89.644576,106,Dechencholing HSS,27.4724539904,89.6308464685,,
8,Chanjiji,2,27.526811,89.644576,106,Dechencholing HSS,27.4555043578,89.6529220173,,
11,Dechencholing,1085,27.526811,89.644576,106,Dechencholing HSS,27.5326052807,89.6425383727,,
12,Dzong,1,27.526811,89.644576,106,Dechencholing HSS,27.4883002592,89.635544727,,
14,Gidakom,1,27.526811,89.644576,106,Dechencholing HSS,27.404767,89.569741,,
15,Hejo,3,27.526811,89.644576,106,Dechencholing HSS,27.50077888,89.6336932565,,
17,Jungshina,6,27.526811,89.644576,106,Dechencholing HSS,27.5107091633,89.6341291296,,
18,Kabisa,84,27.526811,89.644576,106,Dechencholing HSS,27.5490698811,89.6542996104,,
22,Langjophakha,3,27.526811,89.644576,106,Dechencholing HSS,27.4958974797,89.6413215052,,
24,Motithang,1,27.526811,89.644576,106,Dechencholing HSS,27.4766506425,89.6197167055,,
26,Olakha,1,27.526811,89.644576,106,Dechencholing HSS,27.4469707462,89.6587524835,,
27,Pamtsho,17,27.526811,89.644576,106,Dechencholing HSS,27.5107091633,89.6341291296,,
32,Simtokha,2,27.526811,89.644576,106,Dechencholing HSS,27.4344083978,89.6678739051,,
33,Taba,103,27.526811,89.644576,106,Dechencholing HSS,27.5129062519,89.6451777064,,
38,Zilukha,2,27.526811,89.644576,106,Dechencholing HSS,27.4855720912,89.6302952398,,
1,Babesa,9,27.459145,89.645896,107,Deki PS,27.4291816677,89.6472096023,,
4,Changbangdu,12,27.459145,89.645896,107,Deki PS,27.4513917224,89.6472442834,,
5,Changgidaphu,2,27.459145,89.645896,107,Deki PS,27.4599353896,89.6333761155,,
6,Changjalu,3,27.459145,89.645896,107,Deki PS,27.4469707462,89.6587524835,,
7,Changzamtog,18,27.459145,89.645896,107,Deki PS,27.4611489703,89.641853715,,
9,Core,1,27.459145,89.645896,107,Deki PS,27.4733136477,89.6382533581,,
10,Debsi,1,27.459145,89.645896,107,Deki PS,27.4315666969,89.6403752994,,
24,Motithang,1,27.459145,89.645896,107,Deki PS,27.4766506425,89.6197167055,,
26,Olakha,6,27.459145,89.645896,107,Deki PS,27.4469707462,89.6587524835,,
28,Ramtokto,1,27.459145,89.645896,107,Deki PS,27.416321,89.622819,,
32,Simtokha,2,27.459145,89.645896,107,Deki PS,27.4344083978,89.6678739051,,
33,Taba,1,27.459145,89.645896,107,Deki PS,27.5129062519,89.6451777064,,
38,Zilukha,2,27.459145,89.645896,107,Deki PS,27.4855720912,89.6302952398,,
1,Babesa,209,27.431219,89.648438,108,Dr. Tobgyel MSS,27.4291816677,89.6472096023,,
4,Changangkha,7,27.431219,89.648438,108,Dr. Tobgyel MSS,27.4724539904,89.6308464685,,
4,Changbangdu,3,27.431219,89.648438,108,Dr. Tobgyel MSS,27.4513917224,89.6472442834,,
6,Changjalu,15,27.431219,89.648438,108,Dr. Tobgyel MSS,27.4469707462,89.6587524835,,
7,Changzamtog,4,27.431219,89.648438,108,Dr. Tobgyel MSS,27.4611489703,89.641853715,,
8,Chanjiji,8,27.431219,89.648438,108,Dr. Tobgyel MSS,27.4555043578,89.6529220173,,
9,Core,3,27.431219,89.648438,108,Dr. Tobgyel MSS,27.4733136477,89.6382533581,,
10,Debsi,34,27.431219,89.648438,108,Dr. Tobgyel MSS,27.4315666969,89.6403752994,,
13,Gangchey,6,27.431219,89.648438,108,Dr. Tobgyel MSS,27.4177850318,89.6418826587,,
20,Khasadrapchu,9,27.431219,89.648438,108,Dr. Tobgyel MSS,27.386985,89.584902,,
22,Langjophakha,1,27.431219,89.648438,108,Dr. Tobgyel MSS,27.4958974797,89.6413215052,,
23,Lubding,3,27.431219,89.648438,108,Dr. Tobgyel MSS,27.4497466283,89.6694540333,,
24,Motithang,10,27.431219,89.648438,108,Dr. Tobgyel MSS,27.4766506425,89.6197167055,,
25,Namseyling,8,27.431219,89.648438,108,Dr. Tobgyel MSS,27.404257,89.6064,,
26,Olakha,29,27.431219,89.648438,108,Dr. Tobgyel MSS,27.4469707462,89.6587524835,,
27,Pamtsho,1,27.431219,89.648438,108,Dr. Tobgyel MSS,27.5107091633,89.6341291296,,
28,Ramtokto,6,27.431219,89.648438,108,Dr. Tobgyel MSS,27.416321,89.622819,,
29,RTC,12,27.431219,89.648438,108,Dr. Tobgyel MSS,27.4034984778,89.6566570452,,
30,Samtenling,2,27.431219,89.648438,108,Dr. Tobgyel MSS,27.50077888,89.6336932565,,
31,Serbithang,11,27.431219,89.648438,108,Dr. Tobgyel MSS,27.4202951523,89.6559116068,,
32,Simtokha,21,27.431219,89.648438,108,Dr. Tobgyel MSS,27.4344083978,89.6678739051,,
33,Taba,1,27.431219,89.648438,108,Dr. Tobgyel MSS,27.5129062519,89.6451777064,,
34,Tshalubar,7,27.431219,89.648438,108,Dr. Tobgyel MSS,27.4377037677,89.6555866401,,
35,Tshalumarphey,13,27.431219,89.648438,108,Dr. Tobgyel MSS,27.4377037677,89.6555866401,,
1,Babesa,8,27.460459,89.637772,109,Druk HSS,27.4291816677,89.6472096023,,
4,Changangkha,14,27.460459,89.637772,109,Druk HSS,27.4724539904,89.6308464685,,
4,Changbangdu,5,27.460459,89.637772,109,Druk HSS,27.4513917224,89.6472442834,,
5,Changgidaphu,16,27.460459,89.637772,109,Druk HSS,27.4599353896,89.6333761155,,
6,Changjalu,7,27.460459,89.637772,109,Druk HSS,27.4469707462,89.6587524835,,
7,Changzamtog,20,27.460459,89.637772,109,Druk HSS,27.4611489703,89.641853715,,
8,Chanjiji,3,27.460459,89.637772,109,Druk HSS,27.4555043578,89.6529220173,,
9,Core,10,27.460459,89.637772,109,Druk HSS,27.4733136477,89.6382533581,,
10,Debsi,5,27.460459,89.637772,109,Druk HSS,27.4315666969,89.6403752994,,
11,Dechencholing,3,27.460459,89.637772,109,Druk HSS,27.5326052807,89.6425383727,,
13,Gangchey,2,27.460459,89.637772,109,Druk HSS,27.4177850318,89.6418826587,,
15,Hejo,1,27.460459,89.637772,109,Druk HSS,27.50077888,89.6336932565,,
17,Jungshina,2,27.460459,89.637772,109,Druk HSS,27.5107091633,89.6341291296,,
19,Kawangjangsa,3,27.460459,89.637772,109,Druk HSS,27.4855720912,89.6302952398,,
21,Kungacholing,1,27.460459,89.637772,109,Druk HSS,27.4766506425,89.6197167055,,
22,Langjophakha,1,27.460459,89.637772,109,Druk HSS,27.4958974797,89.6413215052,,
24,Motithang,14,27.460459,89.637772,109,Druk HSS,27.4766506425,89.6197167055,,
25,Namseyling,1,27.460459,89.637772,109,Druk HSS,27.404257,89.6064,,
26,Olakha,3,27.460459,89.637772,109,Druk HSS,27.4469707462,89.6587524835,,
27,Pamtsho,2,27.460459,89.637772,109,Druk HSS,27.5107091633,89.6341291296,,
29,RTC,3,27.460459,89.637772,109,Druk HSS,27.4034984778,89.6566570452,,
30,Samtenling,4,27.460459,89.637772,109,Druk HSS,27.50077888,89.6336932565,,
31,Serbithang,2,27.460459,89.637772,109,Druk HSS,27.4202951523,89.6559116068,,
32,Simtokha,2,27.460459,89.637772,109,Druk HSS,27.4344083978,89.6678739051,,
33,Taba,6,27.460459,89.637772,109,Druk HSS,27.5129062519,89.6451777064,,
35,Tshalumarphey,5,27.460459,89.637772,109,Druk HSS,27.4377037677,89.6555866401,,
36,Yangchenphug,1,27.460459,89.637772,109,Druk HSS,27.467397,89.6467373768,,
38,Zilukha,1,27.460459,89.637772,109,Druk HSS,27.4855720912,89.6302952398,,
1,Babesa,2,27.478166,89.626891,110,Early Learning Centre PS,27.4291816677,89.6472096023,,
4,Changangkha,10,27.478166,89.626891,110,Early Learning Centre PS,27.4724539904,89.6308464685,,
4,Changbangdu,4,27.478166,89.626891,110,Early Learning Centre PS,27.4513917224,89.6472442834,,
6,Changjalu,1,27.478166,89.626891,110,Early Learning Centre PS,27.4469707462,89.6587524835,,
7,Changzamtog,2,27.478166,89.626891,110,Early Learning Centre PS,27.4611489703,89.641853715,,
9,Core,1,27.478166,89.626891,110,Early Learning Centre PS,27.4733136477,89.6382533581,,
10,Debsi,1,27.478166,89.626891,110,Early Learning Centre PS,27.4315666969,89.6403752994,,
11,Dechencholing,2,27.478166,89.626891,110,Early Learning Centre PS,27.5326052807,89.6425383727,,
15,Hejo,4,27.478166,89.626891,110,Early Learning Centre PS,27.50077888,89.6336932565,,
17,Jungshina,1,27.478166,89.626891,110,Early Learning Centre PS,27.5107091633,89.6341291296,,
18,Kabisa,1,27.478166,89.626891,110,Early Learning Centre PS,27.5490698811,89.6542996104,,
19,Kawangjangsa,1,27.478166,89.626891,110,Early Learning Centre PS,27.4855720912,89.6302952398,,
21,Kungacholing,1,27.478166,89.626891,110,Early Learning Centre PS,27.4766506425,89.6197167055,,
22,Langjophakha,1,27.478166,89.626891,110,Early Learning Centre PS,27.4958974797,89.6413215052,,
24,Motithang,14,27.478166,89.626891,110,Early Learning Centre PS,27.4766506425,89.6197167055,,
25,Namseyling,1,27.478166,89.626891,110,Early Learning Centre PS,27.404257,89.6064,,
27,Pamtsho,2,27.478166,89.626891,110,Early Learning Centre PS,27.5107091633,89.6341291296,,
32,Simtokha,2,27.478166,89.626891,110,Early Learning Centre PS,27.4344083978,89.6678739051,,
33,Taba,6,27.478166,89.626891,110,Early Learning Centre PS,27.5129062519,89.6451777064,,
36,Yangchenphug,3,27.478166,89.626891,110,Early Learning Centre PS,27.467397,89.6467373768,,
38,Zilukha,3,27.478166,89.626891,110,Early Learning Centre PS,27.4855720912,89.6302952398,,
1,Babesa,4,27.464768,89.651733,111,Educating for Lifelong Citizenship High School,27.4291816677,89.6472096023,,
4,Changangkha,3,27.464768,89.651733,111,Educating for Lifelong Citizenship High School,27.4724539904,89.6308464685,,
5,Changgidaphu,3,27.464768,89.651733,111,Educating for Lifelong Citizenship High School,27.4599353896,89.6333761155,,
6,Changjalu,2,27.464768,89.651733,111,Educating for Lifelong Citizenship High School,27.4469707462,89.6587524835,,
7,Changzamtog,3,27.464768,89.651733,111,Educating for Lifelong Citizenship High School,27.4611489703,89.641853715,,
9,Core,3,27.464768,89.651733,111,Educating for Lifelong Citizenship High School,27.4733136477,89.6382533581,,
19,Kawangjangsa,2,27.464768,89.651733,111,Educating for Lifelong Citizenship High School,27.4855720912,89.6302952398,,
20,Khasadrapchu,1,27.464768,89.651733,111,Educating for Lifelong Citizenship High School,27.386985,89.584902,,
22,Langjophakha,1,27.464768,89.651733,111,Educating for Lifelong Citizenship High School,27.4958974797,89.6413215052,,
24,Motithang,10,27.464768,89.651733,111,Educating for Lifelong Citizenship High School,27.4766506425,89.6197167055,,
26,Olakha,1,27.464768,89.651733,111,Educating for Lifelong Citizenship High School,27.4469707462,89.6587524835,,
27,Pamtsho,1,27.464768,89.651733,111,Educating for Lifelong Citizenship High School,27.5107091633,89.6341291296,,
33,Taba,3,27.464768,89.651733,111,Educating for Lifelong Citizenship High School,27.5129062519,89.6451777064,,
35,Tshalumarphey,1,27.464768,89.651733,111,Educating for Lifelong Citizenship High School,27.4377037677,89.6555866401,,
36,Yangchenphug,1,27.464768,89.651733,111,Educating for Lifelong Citizenship High School,27.467397,89.6467373768,,
38,Zilukha,1,27.464768,89.651733,111,Educating for Lifelong Citizenship High School,27.4855720912,89.6302952398,,
1,Babesa,5,27.467893,89.636448,112,Etho Metho PS,27.4291816677,89.6472096023,,
4,Changangkha,22,27.467893,89.636448,112,Etho Metho PS,27.4724539904,89.6308464685,,
4,Changbangdu,4,27.467893,89.636448,112,Etho Metho PS,27.4513917224,89.6472442834,,
5,Changgidaphu,6,27.467893,89.636448,112,Etho Metho PS,27.4599353896,89.6333761155,,
6,Changjalu,13,27.467893,89.636448,112,Etho Metho PS,27.4469707462,89.6587524835,,
7,Changzamtog,19,27.467893,89.636448,112,Etho Metho PS,27.4611489703,89.641853715,,
8,Chanjiji,9,27.467893,89.636448,112,Etho Metho PS,27.4555043578,89.6529220173,,
9,Core,23,27.467893,89.636448,112,Etho Metho PS,27.4733136477,89.6382533581,,
11,Dechencholing,3,27.467893,89.636448,112,Etho Metho PS,27.5326052807,89.6425383727,,
13,Gangchey,1,27.467893,89.636448,112,Etho Metho PS,27.4177850318,89.6418826587,,
15,Hejo,7,27.467893,89.636448,112,Etho Metho PS,27.50077888,89.6336932565,,
17,Jungshina,5,27.467893,89.636448,112,Etho Metho PS,27.5107091633,89.6341291296,,
18,Kabisa,2,27.467893,89.636448,112,Etho Metho PS,27.5490698811,89.6542996104,,
19,Kawangjangsa,1,27.467893,89.636448,112,Etho Metho PS,27.4855720912,89.6302952398,,
22,Langjophakha,5,27.467893,89.636448,112,Etho Metho PS,27.4958974797,89.6413215052,,
24,Motithang,3,27.467893,89.636448,112,Etho Metho PS,27.4766506425,89.6197167055,,
25,Namseyling,1,27.467893,89.636448,112,Etho Metho PS,27.404257,89.6064,,
26,Olakha,5,27.467893,89.636448,112,Etho Metho PS,27.4469707462,89.6587524835,,
27,Pamtsho,1,27.467893,89.636448,112,Etho Metho PS,27.5107091633,89.6341291296,,
29,RTC,2,27.467893,89.636448,112,Etho Metho PS,27.4034984778,89.6566570452,,
32,Simtokha,4,27.467893,89.636448,112,Etho Metho PS,27.4344083978,89.6678739051,,
33,Taba,8,27.467893,89.636448,112,Etho Metho PS,27.5129062519,89.6451777064,,
36,Yangchenphug,9,27.467893,89.636448,112,Etho Metho PS,27.467397,89.6467373768,,
38,Zilukha,2,27.467893,89.636448,112,Etho Metho PS,27.4855720912,89.6302952398,,
1,Babesa,43,27.477071,89.638968,113,Jigme Losel PS,27.4291816677,89.6472096023,,
2,Begana,23,27.477071,89.638968,113,Jigme Losel PS,27.5718908596,89.6357002125,,
4,Changangkha,23,27.477071,89.638968,113,Jigme Losel PS,27.4724539904,89.6308464685,,
4,Changbangdu,23,27.477071,89.638968,113,Jigme Losel PS,27.4513917224,89.6472442834,,
5,Changgidaphu,16,27.477071,89.638968,113,Jigme Losel PS,27.4599353896,89.6333761155,,
6,Changjalu,34,27.477071,89.638968,113,Jigme Losel PS,27.4469707462,89.6587524835,,
7,Changzamtog,55,27.477071,89.638968,113,Jigme Losel PS,27.4611489703,89.641853715,,
8,Chanjiji,25,27.477071,89.638968,113,Jigme Losel PS,27.4555043578,89.6529220173,,
9,Core,206,27.477071,89.638968,113,Jigme Losel PS,27.4733136477,89.6382533581,,
10,Debsi,5,27.477071,89.638968,113,Jigme Losel PS,27.4315666969,89.6403752994,,
11,Dechencholing,18,27.477071,89.638968,113,Jigme Losel PS,27.5326052807,89.6425383727,,
12,Dzong,4,27.477071,89.638968,113,Jigme Losel PS,27.4883002592,89.635544727,,
13,Gangchey,1,27.477071,89.638968,113,Jigme Losel PS,27.4177850318,89.6418826587,,
15,Hejo,21,27.477071,89.638968,113,Jigme Losel PS,27.50077888,89.6336932565,,
16,Hongtsho,1,27.477071,89.638968,113,Jigme Losel PS,27.485941,89.724004,,
17,Jungshina,48,27.477071,89.638968,113,Jigme Losel PS,27.5107091633,89.6341291296,,
18,Kabisa,9,27.477071,89.638968,113,Jigme Losel PS,27.5490698811,89.6542996104,,
19,Kawangjangsa,13,27.477071,89.638968,113,Jigme Losel PS,27.4855720912,89.6302952398,,
20,Khasadrapchu,1,27.477071,89.638968,113,Jigme Losel PS,27.386985,89.584902,,
22,Langjophakha,79,27.477071,89.638968,113,Jigme Losel PS,27.4958974797,89.6413215052,,
23,Lubding,3,27.477071,89.638968,113,Jigme Losel PS,27.4497466283,89.6694540333,,
24,Motithang,22,27.477071,89.638968,113,Jigme Losel PS,27.4766506425,89.6197167055,,
26,Olakha,46,27.477071,89.638968,113,Jigme Losel PS,27.4469707462,89.6587524835,,
27,Pamtsho,18,27.477071,89.638968,113,Jigme Losel PS,27.5107091633,89.6341291296,,
28,Ramtokto,1,27.477071,89.638968,113,Jigme Losel PS,27.416321,89.622819,,
29,RTC,2,27.477071,89.638968,113,Jigme Losel PS,27.4034984778,89.6566570452,,
30,Samtenling,34,27.477071,89.638968,113,Jigme Losel PS,27.50077888,89.6336932565,,
31,Serbithang,2,27.477071,89.638968,113,Jigme Losel PS,27.4202951523,89.6559116068,,
32,Simtokha,36,27.477071,89.638968,113,Jigme Losel PS,27.4344083978,89.6678739051,,
33,Taba,74,27.477071,89.638968,113,Jigme Losel PS,27.5129062519,89.6451777064,,
34,Tshalubar,2,27.477071,89.638968,113,Jigme Losel PS,27.4377037677,89.6555866401,,
35,Tshalumarphey,3,27.477071,89.638968,113,Jigme Losel PS,27.4377037677,89.6555866401,,
36,Yangchenphug,47,27.477071,89.638968,113,Jigme Losel PS,27.467397,89.6467373768,,
37,Yoselpang,2,27.477071,89.638968,113,Jigme Losel PS,27.462597,89.705355,,
38,Zilukha,17,27.477071,89.638968,113,Jigme Losel PS,27.4855720912,89.6302952398,,
1,Babesa,14,27.476819,89.623233,114,Jigme Namgyel LSS,27.4291816677,89.6472096023,,
2,Begana,6,27.476819,89.623233,114,Jigme Namgyel LSS,27.5718908596,89.6357002125,,
4,Changangkha,105,27.476819,89.623233,114,Jigme Namgyel LSS,27.4724539904,89.6308464685,,
4,Changbangdu,3,27.476819,89.623233,114,Jigme Namgyel LSS,27.4513917224,89.6472442834,,
5,Changgidaphu,9,27.476819,89.623233,114,Jigme Namgyel LSS,27.4599353896,89.6333761155,,
6,Changjalu,12,27.476819,89.623233,114,Jigme Namgyel LSS,27.4469707462,89.6587524835,,
7,Changzamtog,10,27.476819,89.623233,114,Jigme Namgyel LSS,27.4611489703,89.641853715,,
8,Chanjiji,18,27.476819,89.623233,114,Jigme Namgyel LSS,27.4555043578,89.6529220173,,
9,Core,13,27.476819,89.623233,114,Jigme Namgyel LSS,27.4733136477,89.6382533581,,
10,Debsi,5,27.476819,89.623233,114,Jigme Namgyel LSS,27.4315666969,89.6403752994,,
11,Dechencholing,17,27.476819,89.623233,114,Jigme Namgyel LSS,27.5326052807,89.6425383727,,
12,Dzong,2,27.476819,89.623233,114,Jigme Namgyel LSS,27.4883002592,89.635544727,,
15,Hejo,7,27.476819,89.623233,114,Jigme Namgyel LSS,27.50077888,89.6336932565,,
17,Jungshina,20,27.476819,89.623233,114,Jigme Namgyel LSS,27.5107091633,89.6341291296,,
18,Kabisa,9,27.476819,89.623233,114,Jigme Namgyel LSS,27.5490698811,89.6542996104,,
19,Kawangjangsa,29,27.476819,89.623233,114,Jigme Namgyel LSS,27.4855720912,89.6302952398,,
21,Kungacholing,75,27.476819,89.623233,114,Jigme Namgyel LSS,27.4766506425,89.6197167055,,
22,Langjophakha,9,27.476819,89.623233,114,Jigme Namgyel LSS,27.4958974797,89.6413215052,,
24,Motithang,568,27.476819,89.623233,114,Jigme Namgyel LSS,27.4766506425,89.6197167055,,
25,Namseyling,2,27.476819,89.623233,114,Jigme Namgyel LSS,27.404257,89.6064,,
26,Olakha,5,27.476819,89.623233,114,Jigme Namgyel LSS,27.4469707462,89.6587524835,,
27,Pamtsho,14,27.476819,89.623233,114,Jigme Namgyel LSS,27.5107091633,89.6341291296,,
28,Ramtokto,1,27.476819,89.623233,114,Jigme Namgyel LSS,27.416321,89.622819,,
30,Samtenling,7,27.476819,89.623233,114,Jigme Namgyel LSS,27.50077888,89.6336932565,,
32,Simtokha,9,27.476819,89.623233,114,Jigme Namgyel LSS,27.4344083978,89.6678739051,,
33,Taba,13,27.476819,89.623233,114,Jigme Namgyel LSS,27.5129062519,89.6451777064,,
36,Yangchenphug,4,27.476819,89.623233,114,Jigme Namgyel LSS,27.467397,89.6467373768,,
38,Zilukha,11,27.476819,89.623233,114,Jigme Namgyel LSS,27.4855720912,89.6302952398,,
2,Begana,2,27.505352,89.633483,115,Jungshina PS,27.5718908596,89.6357002125,,
7,Changzamtog,3,27.505352,89.633483,115,Jungshina PS,27.4611489703,89.641853715,,
8,Chanjiji,1,27.505352,89.633483,115,Jungshina PS,27.4555043578,89.6529220173,,
11,Dechencholing,11,27.505352,89.633483,115,Jungshina PS,27.5326052807,89.6425383727,,
15,Hejo,29,27.505352,89.633483,115,Jungshina PS,27.50077888,89.6336932565,,
17,Jungshina,258,27.505352,89.633483,115,Jungshina PS,27.5107091633,89.6341291296,,
18,Kabisa,2,27.505352,89.633483,115,Jungshina PS,27.5490698811,89.6542996104,,
19,Kawangjangsa,2,27.505352,89.633483,115,Jungshina PS,27.4855720912,89.6302952398,,
22,Langjophakha,7,27.505352,89.633483,115,Jungshina PS,27.4958974797,89.6413215052,,
24,Motithang,1,27.505352,89.633483,115,Jungshina PS,27.4766506425,89.6197167055,,
26,Olakha,2,27.505352,89.633483,115,Jungshina PS,27.4469707462,89.6587524835,,
27,Pamtsho,79,27.505352,89.633483,115,Jungshina PS,27.5107091633,89.6341291296,,
30,Samtenling,47,27.505352,89.633483,115,Jungshina PS,27.50077888,89.6336932565,,
32,Simtokha,1,27.505352,89.633483,115,Jungshina PS,27.4344083978,89.6678739051,,
33,Taba,12,27.505352,89.633483,115,Jungshina PS,27.5129062519,89.6451777064,,
1,Babesa,4,27.470556,89.634868,116,Kelki HSS,27.4291816677,89.6472096023,,
3,Bjemina,3,27.470556,89.634868,116,Kelki HSS,27.402968,89.570704,,
4,Changangkha,14,27.470556,89.634868,116,Kelki HSS,27.4724539904,89.6308464685,,
4,Changbangdu,7,27.470556,89.634868,116,Kelki HSS,27.4513917224,89.6472442834,,
5,Changgidaphu,11,27.470556,89.634868,116,Kelki HSS,27.4599353896,89.6333761155,,
6,Changjalu,2,27.470556,89.634868,116,Kelki HSS,27.4469707462,89.6587524835,,
7,Changzamtog,29,27.470556,89.634868,116,Kelki HSS,27.4611489703,89.641853715,,
8,Chanjiji,15,27.470556,89.634868,116,Kelki HSS,27.4555043578,89.6529220173,,
9,Core,12,27.470556,89.634868,116,Kelki HSS,27.4733136477,89.6382533581,,
10,Debsi,1,27.470556,89.634868,116,Kelki HSS,27.4315666969,89.6403752994,,
11,Dechencholing,7,27.470556,89.634868,116,Kelki HSS,27.5326052807,89.6425383727,,
12,Dzong,1,27.470556,89.634868,116,Kelki HSS,27.4883002592,89.635544727,,
15,Hejo,7,27.470556,89.634868,116,Kelki HSS,27.50077888,89.6336932565,,
17,Jungshina,12,27.470556,89.634868,116,Kelki HSS,27.5107091633,89.6341291296,,
18,Kabisa,3,27.470556,89.634868,116,Kelki HSS,27.5490698811,89.6542996104,,
20,Khasadrapchu,1,27.470556,89.634868,116,Kelki HSS,27.386985,89.584902,,
21,Kungacholing,1,27.470556,89.634868,116,Kelki HSS,27.4766506425,89.6197167055,,
22,Langjophakha,7,27.470556,89.634868,116,Kelki HSS,27.4958974797,89.6413215052,,
24,Motithang,27,27.470556,89.634868,116,Kelki HSS,27.4766506425,89.6197167055,,
25,Namseyling,1,27.470556,89.634868,116,Kelki HSS,27.404257,89.6064,,
26,Olakha,8,27.470556,89.634868,116,Kelki HSS,27.4469707462,89.6587524835,,
27,Pamtsho,6,27.470556,89.634868,116,Kelki HSS,27.5107091633,89.6341291296,,
30,Samtenling,3,27.470556,89.634868,116,Kelki HSS,27.50077888,89.6336932565,,
32,Simtokha,4,27.470556,89.634868,116,Kelki HSS,27.4344083978,89.6678739051,,
33,Taba,3,27.470556,89.634868,116,Kelki HSS,27.5129062519,89.6451777064,,
35,Tshalumarphey,1,27.470556,89.634868,116,Kelki HSS,27.4377037677,89.6555866401,,
38,Zilukha,8,27.470556,89.634868,116,Kelki HSS,27.4855720912,89.6302952398,,
1,Babesa,4,27.450335,89.646965,117,Kuenselphodrang PS,27.4291816677,89.6472096023,,
4,Changangkha,5,27.450335,89.646965,117,Kuenselphodrang PS,27.4724539904,89.6308464685,,
4,Changbangdu,58,27.450335,89.646965,117,Kuenselphodrang PS,27.4513917224,89.6472442834,,
5,Changgidaphu,11,27.450335,89.646965,117,Kuenselphodrang PS,27.4599353896,89.6333761155,,
6,Changjalu,8,27.450335,89.646965,117,Kuenselphodrang PS,27.4469707462,89.6587524835,,
7,Changzamtog,19,27.450335,89.646965,117,Kuenselphodrang PS,27.4611489703,89.641853715,,
8,Chanjiji,3,27.450335,89.646965,117,Kuenselphodrang PS,27.4555043578,89.6529220173,,
9,Core,1,27.450335,89.646965,117,Kuenselphodrang PS,27.4733136477,89.6382533581,,
10,Debsi,2,27.450335,89.646965,117,Kuenselphodrang PS,27.4315666969,89.6403752994,,
17,Jungshina,1,27.450335,89.646965,117,Kuenselphodrang PS,27.5107091633,89.6341291296,,
26,Olakha,5,27.450335,89.646965,117,Kuenselphodrang PS,27.4469707462,89.6587524835,,
33,Taba,1,27.450335,89.646965,117,Kuenselphodrang PS,27.5129062519,89.6451777064,,
4,Changangkha,1,27.482005,89.629945,118,Little Dragon PS,27.4724539904,89.6308464685,,
4,Changbangdu,2,27.482005,89.629945,118,Little Dragon PS,27.4513917224,89.6472442834,,
6,Changjalu,1,27.482005,89.629945,118,Little Dragon PS,27.4469707462,89.6587524835,,
7,Changzamtog,1,27.482005,89.629945,118,Little Dragon PS,27.4611489703,89.641853715,,
8,Chanjiji,1,27.482005,89.629945,118,Little Dragon PS,27.4555043578,89.6529220173,,
9,Core,4,27.482005,89.629945,118,Little Dragon PS,27.4733136477,89.6382533581,,
11,Dechencholing,3,27.482005,89.629945,118,Little Dragon PS,27.5326052807,89.6425383727,,
15,Hejo,2,27.482005,89.629945,118,Little Dragon PS,27.50077888,89.6336932565,,
19,Kawangjangsa,1,27.482005,89.629945,118,Little Dragon PS,27.4855720912,89.6302952398,,
22,Langjophakha,1,27.482005,89.629945,118,Little Dragon PS,27.4958974797,89.6413215052,,
24,Motithang,3,27.482005,89.629945,118,Little Dragon PS,27.4766506425,89.6197167055,,
25,Namseyling,4,27.482005,89.629945,118,Little Dragon PS,27.404257,89.6064,,
27,Pamtsho,1,27.482005,89.629945,118,Little Dragon PS,27.5107091633,89.6341291296,,
30,Samtenling,1,27.482005,89.629945,118,Little Dragon PS,27.50077888,89.6336932565,,
32,Simtokha,2,27.482005,89.629945,118,Little Dragon PS,27.4344083978,89.6678739051,,
33,Taba,5,27.482005,89.629945,118,Little Dragon PS,27.5129062519,89.6451777064,,
36,Yangchenphug,1,27.482005,89.629945,118,Little Dragon PS,27.467397,89.6467373768,,
1,Babesa,70,27.457312,89.650652,119,Loselling MSS,27.4291816677,89.6472096023,,
4,Changangkha,7,27.457312,89.650652,119,Loselling MSS,27.4724539904,89.6308464685,,
4,Changbangdu,73,27.457312,89.650652,119,Loselling MSS,27.4513917224,89.6472442834,,
5,Changgidaphu,3,27.457312,89.650652,119,Loselling MSS,27.4599353896,89.6333761155,,
6,Changjalu,55,27.457312,89.650652,119,Loselling MSS,27.4469707462,89.6587524835,,
7,Changzamtog,67,27.457312,89.650652,119,Loselling MSS,27.4611489703,89.641853715,,
8,Chanjiji,559,27.457312,89.650652,119,Loselling MSS,27.4555043578,89.6529220173,,
9,Core,9,27.457312,89.650652,119,Loselling MSS,27.4733136477,89.6382533581,,
10,Debsi,10,27.457312,89.650652,119,Loselling MSS,27.4315666969,89.6403752994,,
11,Dechencholing,2,27.457312,89.650652,119,Loselling MSS,27.5326052807,89.6425383727,,
15,Hejo,1,27.457312,89.650652,119,Loselling MSS,27.50077888,89.6336932565,,
16,Hongtsho,2,27.457312,89.650652,119,Loselling MSS,27.485941,89.724004,,
19,Kawangjangsa,1,27.457312,89.650652,119,Loselling MSS,27.4855720912,89.6302952398,,
22,Langjophakha,4,27.457312,89.650652,119,Loselling MSS,27.4958974797,89.6413215052,,
23,Lubding,1,27.457312,89.650652,119,Loselling MSS,27.4497466283,89.6694540333,,
24,Motithang,1,27.457312,89.650652,119,Loselling MSS,27.4766506425,89.6197167055,,
25,Namseyling,3,27.457312,89.650652,119,Loselling MSS,27.404257,89.6064,,
26,Olakha,126,27.457312,89.650652,119,Loselling MSS,27.4469707462,89.6587524835,,
29,RTC,2,27.457312,89.650652,119,Loselling MSS,27.4034984778,89.6566570452,,
30,Samtenling,3,27.457312,89.650652,119,Loselling MSS,27.50077888,89.6336932565,,
31,Serbithang,2,27.457312,89.650652,119,Loselling MSS,27.4202951523,89.6559116068,,
32,Simtokha,36,27.457312,89.650652,119,Loselling MSS,27.4344083978,89.6678739051,,
33,Taba,2,27.457312,89.650652,119,Loselling MSS,27.5129062519,89.6451777064,,
34,Tshalubar,1,27.457312,89.650652,119,Loselling MSS,27.4377037677,89.6555866401,,
35,Tshalumarphey,2,27.457312,89.650652,119,Loselling MSS,27.4377037677,89.6555866401,,
36,Yangchenphug,9,27.457312,89.650652,119,Loselling MSS,27.467397,89.6467373768,,
37,Yoselpang,2,27.457312,89.650652,119,Loselling MSS,27.462597,89.705355,,
38,Zilukha,1,27.457312,89.650652,119,Loselling MSS,27.4855720912,89.6302952398,,
1,Babesa,33,27.457636,89.665718,120,Lungtenphu MSS,27.4291816677,89.6472096023,,
4,Changangkha,2,27.457636,89.665718,120,Lungtenphu MSS,27.4724539904,89.6308464685,,
4,Changbangdu,11,27.457636,89.665718,120,Lungtenphu MSS,27.4513917224,89.6472442834,,
5,Changgidaphu,2,27.457636,89.665718,120,Lungtenphu MSS,27.4599353896,89.6333761155,,
6,Changjalu,125,27.457636,89.665718,120,Lungtenphu MSS,27.4469707462,89.6587524835,,
7,Changzamtog,9,27.457636,89.665718,120,Lungtenphu MSS,27.4611489703,89.641853715,,
8,Chanjiji,51,27.457636,89.665718,120,Lungtenphu MSS,27.4555043578,89.6529220173,,
9,Core,8,27.457636,89.665718,120,Lungtenphu MSS,27.4733136477,89.6382533581,,
10,Debsi,4,27.457636,89.665718,120,Lungtenphu MSS,27.4315666969,89.6403752994,,
11,Dechencholing,3,27.457636,89.665718,120,Lungtenphu MSS,27.5326052807,89.6425383727,,
13,Gangchey,2,27.457636,89.665718,120,Lungtenphu MSS,27.4177850318,89.6418826587,,
16,Hongtsho,1,27.457636,89.665718,120,Lungtenphu MSS,27.485941,89.724004,,
17,Jungshina,1,27.457636,89.665718,120,Lungtenphu MSS,27.5107091633,89.6341291296,,
20,Khasadrapchu,2,27.457636,89.665718,120,Lungtenphu MSS,27.386985,89.584902,,
22,Langjophakha,1,27.457636,89.665718,120,Lungtenphu MSS,27.4958974797,89.6413215052,,
23,Lubding,26,27.457636,89.665718,120,Lungtenphu MSS,27.4497466283,89.6694540333,,
24,Motithang,1,27.457636,89.665718,120,Lungtenphu MSS,27.4766506425,89.6197167055,,
25,Namseyling,4,27.457636,89.665718,120,Lungtenphu MSS,27.404257,89.6064,,
26,Olakha,91,27.457636,89.665718,120,Lungtenphu MSS,27.4469707462,89.6587524835,,
29,RTC,2,27.457636,89.665718,120,Lungtenphu MSS,27.4034984778,89.6566570452,,
31,Serbithang,4,27.457636,89.665718,120,Lungtenphu MSS,27.4202951523,89.6559116068,,
32,Simtokha,41,27.457636,89.665718,120,Lungtenphu MSS,27.4344083978,89.6678739051,,
33,Taba,4,27.457636,89.665718,120,Lungtenphu MSS,27.5129062519,89.6451777064,,
35,Tshalumarphey,1,27.457636,89.665718,120,Lungtenphu MSS,27.4377037677,89.6555866401,,
36,Yangchenphug,8,27.457636,89.665718,120,Lungtenphu MSS,27.467397,89.6467373768,,
37,Yoselpang,1,27.457636,89.665718,120,Lungtenphu MSS,27.462597,89.705355,,
38,Zilukha,2,27.457636,89.665718,120,Lungtenphu MSS,27.4855720912,89.6302952398,,
1,Babesa,117,27.468516,89.64431,121,Lungtenzampa MSS,27.4291816677,89.6472096023,,
2,Begana,6,27.468516,89.64431,121,Lungtenzampa MSS,27.5718908596,89.6357002125,,
4,Changangkha,79,27.468516,89.64431,121,Lungtenzampa MSS,27.4724539904,89.6308464685,,
4,Changbangdu,73,27.468516,89.64431,121,Lungtenzampa MSS,27.4513917224,89.6472442834,,
5,Changgidaphu,49,27.468516,89.64431,121,Lungtenzampa MSS,27.4599353896,89.6333761155,,
6,Changjalu,55,27.468516,89.64431,121,Lungtenzampa MSS,27.4469707462,89.6587524835,,
7,Changzamtog,121,27.468516,89.64431,121,Lungtenzampa MSS,27.4611489703,89.641853715,,
8,Chanjiji,86,27.468516,89.64431,121,Lungtenzampa MSS,27.4555043578,89.6529220173,,
9,Core,100,27.468516,89.64431,121,Lungtenzampa MSS,27.4733136477,89.6382533581,,
10,Debsi,22,27.468516,89.64431,121,Lungtenzampa MSS,27.4315666969,89.6403752994,,
11,Dechencholing,24,27.468516,89.64431,121,Lungtenzampa MSS,27.5326052807,89.6425383727,,
12,Dzong,3,27.468516,89.64431,121,Lungtenzampa MSS,27.4883002592,89.635544727,,
13,Gangchey,3,27.468516,89.64431,121,Lungtenzampa MSS,27.4177850318,89.6418826587,,
15,Hejo,21,27.468516,89.64431,121,Lungtenzampa MSS,27.50077888,89.6336932565,,
16,Hongtsho,2,27.468516,89.64431,121,Lungtenzampa MSS,27.485941,89.724004,,
17,Jungshina,47,27.468516,89.64431,121,Lungtenzampa MSS,27.5107091633,89.6341291296,,
18,Kabisa,15,27.468516,89.64431,121,Lungtenzampa MSS,27.5490698811,89.6542996104,,
19,Kawangjangsa,23,27.468516,89.64431,121,Lungtenzampa MSS,27.4855720912,89.6302952398,,
20,Khasadrapchu,1,27.468516,89.64431,121,Lungtenzampa MSS,27.386985,89.584902,,
21,Kungacholing,1,27.468516,89.64431,121,Lungtenzampa MSS,27.4766506425,89.6197167055,,
22,Langjophakha,55,27.468516,89.64431,121,Lungtenzampa MSS,27.4958974797,89.6413215052,,
23,Lubding,9,27.468516,89.64431,121,Lungtenzampa MSS,27.4497466283,89.6694540333,,
24,Motithang,48,27.468516,89.64431,121,Lungtenzampa MSS,27.4766506425,89.6197167055,,
25,Namseyling,9,27.468516,89.64431,121,Lungtenzampa MSS,27.404257,89.6064,,
26,Olakha,121,27.468516,89.64431,121,Lungtenzampa MSS,27.4469707462,89.6587524835,,
27,Pamtsho,35,27.468516,89.64431,121,Lungtenzampa MSS,27.5107091633,89.6341291296,,
28,Ramtokto,2,27.468516,89.64431,121,Lungtenzampa MSS,27.416321,89.622819,,
29,RTC,9,27.468516,89.64431,121,Lungtenzampa MSS,27.4034984778,89.6566570452,,
30,Samtenling,18,27.468516,89.64431,121,Lungtenzampa MSS,27.50077888,89.6336932565,,
31,Serbithang,5,27.468516,89.64431,121,Lungtenzampa MSS,27.4202951523,89.6559116068,,
32,Simtokha,39,27.468516,89.64431,121,Lungtenzampa MSS,27.4344083978,89.6678739051,,
33,Taba,62,27.468516,89.64431,121,Lungtenzampa MSS,27.5129062519,89.6451777064,,
34,Tshalubar,4,27.468516,89.64431,121,Lungtenzampa MSS,27.4377037677,89.6555866401,,
35,Tshalumarphey,7,27.468516,89.64431,121,Lungtenzampa MSS,27.4377037677,89.6555866401,,
36,Yangchenphug,65,27.468516,89.64431,121,Lungtenzampa MSS,27.467397,89.6467373768,,
37,Yoselpang,7,27.468516,89.64431,121,Lungtenzampa MSS,27.462597,89.705355,,
38,Zilukha,10,27.468516,89.64431,121,Lungtenzampa MSS,27.4855720912,89.6302952398,,
1,Babesa,49,27.475108,89.62286,122,Motithang HSS,27.4291816677,89.6472096023,,
2,Begana,14,27.475108,89.62286,122,Motithang HSS,27.5718908596,89.6357002125,,
3,Bjemina,3,27.475108,89.62286,122,Motithang HSS,27.402968,89.570704,,
4,Changangkha,183,27.475108,89.62286,122,Motithang HSS,27.4724539904,89.6308464685,,
4,Changbangdu,34,27.475108,89.62286,122,Motithang HSS,27.4513917224,89.6472442834,,
5,Changgidaphu,59,27.475108,89.62286,122,Motithang HSS,27.4599353896,89.6333761155,,
6,Changjalu,28,27.475108,89.62286,122,Motithang HSS,27.4469707462,89.6587524835,,
7,Changzamtog,122,27.475108,89.62286,122,Motithang HSS,27.4611489703,89.641853715,,
8,Chanjiji,53,27.475108,89.62286,122,Motithang HSS,27.4555043578,89.6529220173,,
9,Core,47,27.475108,89.62286,122,Motithang HSS,27.4733136477,89.6382533581,,
10,Debsi,8,27.475108,89.62286,122,Motithang HSS,27.4315666969,89.6403752994,,
11,Dechencholing,30,27.475108,89.62286,122,Motithang HSS,27.5326052807,89.6425383727,,
14,Gidakom,3,27.475108,89.62286,122,Motithang HSS,27.404767,89.569741,,
15,Hejo,41,27.475108,89.62286,122,Motithang HSS,27.50077888,89.6336932565,,
16,Hongtsho,1,27.475108,89.62286,122,Motithang HSS,27.485941,89.724004,,
17,Jungshina,69,27.475108,89.62286,122,Motithang HSS,27.5107091633,89.6341291296,,
18,Kabisa,17,27.475108,89.62286,122,Motithang HSS,27.5490698811,89.6542996104,,
19,Kawangjangsa,47,27.475108,89.62286,122,Motithang HSS,27.4855720912,89.6302952398,,
20,Khasadrapchu,3,27.475108,89.62286,122,Motithang HSS,27.386985,89.584902,,
21,Kungacholing,41,27.475108,89.62286,122,Motithang HSS,27.4766506425,89.6197167055,,
22,Langjophakha,31,27.475108,89.62286,122,Motithang HSS,27.4958974797,89.6413215052,,
23,Lubding,6,27.475108,89.62286,122,Motithang HSS,27.4497466283,89.6694540333,,
24,Motithang,379,27.475108,89.62286,122,Motithang HSS,27.4766506425,89.6197167055,,
25,Namseyling,2,27.475108,89.62286,122,Motithang HSS,27.404257,89.6064,,
26,Olakha,23,27.475108,89.62286,122,Motithang HSS,27.4469707462,89.6587524835,,
27,Pamtsho,33,27.475108,89.62286,122,Motithang HSS,27.5107091633,89.6341291296,,
28,Ramtokto,1,27.475108,89.62286,122,Motithang HSS,27.416321,89.622819,,
29,RTC,1,27.475108,89.62286,122,Motithang HSS,27.4034984778,89.6566570452,,
30,Samtenling,31,27.475108,89.62286,122,Motithang HSS,27.50077888,89.6336932565,,
31,Serbithang,5,27.475108,89.62286,122,Motithang HSS,27.4202951523,89.6559116068,,
32,Simtokha,20,27.475108,89.62286,122,Motithang HSS,27.4344083978,89.6678739051,,
33,Taba,47,27.475108,89.62286,122,Motithang HSS,27.5129062519,89.6451777064,,
34,Tshalubar,1,27.475108,89.62286,122,Motithang HSS,27.4377037677,89.6555866401,,
36,Yangchenphug,8,27.475108,89.62286,122,Motithang HSS,27.467397,89.6467373768,,
37,Yoselpang,2,27.475108,89.62286,122,Motithang HSS,27.462597,89.705355,,
38,Zilukha,26,27.475108,89.62286,122,Motithang HSS,27.4855720912,89.6302952398,,
1,Babesa,15,27.515495,89.641728,123,Nima HSS,27.4291816677,89.6472096023,,
2,Begana,4,27.515495,89.641728,123,Nima HSS,27.5718908596,89.6357002125,,
3,Bjemina,1,27.515495,89.641728,123,Nima HSS,27.402968,89.570704,,
4,Changangkha,8,27.515495,89.641728,123,Nima HSS,27.4724539904,89.6308464685,,
4,Changbangdu,5,27.515495,89.641728,123,Nima HSS,27.4513917224,89.6472442834,,
5,Changgidaphu,4,27.515495,89.641728,123,Nima HSS,27.4599353896,89.6333761155,,
6,Changjalu,7,27.515495,89.641728,123,Nima HSS,27.4469707462,89.6587524835,,
7,Changzamtog,29,27.515495,89.641728,123,Nima HSS,27.4611489703,89.641853715,,
8,Chanjiji,8,27.515495,89.641728,123,Nima HSS,27.4555043578,89.6529220173,,
9,Core,4,27.515495,89.641728,123,Nima HSS,27.4733136477,89.6382533581,,
10,Debsi,4,27.515495,89.641728,123,Nima HSS,27.4315666969,89.6403752994,,
11,Dechencholing,73,27.515495,89.641728,123,Nima HSS,27.5326052807,89.6425383727,,
15,Hejo,5,27.515495,89.641728,123,Nima HSS,27.50077888,89.6336932565,,
17,Jungshina,17,27.515495,89.641728,123,Nima HSS,27.5107091633,89.6341291296,,
18,Kabisa,17,27.515495,89.641728,123,Nima HSS,27.5490698811,89.6542996104,,
19,Kawangjangsa,2,27.515495,89.641728,123,Nima HSS,27.4855720912,89.6302952398,,
20,Khasadrapchu,3,27.515495,89.641728,123,Nima HSS,27.386985,89.584902,,
21,Kungacholing,1,27.515495,89.641728,123,Nima HSS,27.4766506425,89.6197167055,,
22,Langjophakha,10,27.515495,89.641728,123,Nima HSS,27.4958974797,89.6413215052,,
23,Lubding,1,27.515495,89.641728,123,Nima HSS,27.4497466283,89.6694540333,,
24,Motithang,7,27.515495,89.641728,123,Nima HSS,27.4766506425,89.6197167055,,
26,Olakha,12,27.515495,89.641728,123,Nima HSS,27.4469707462,89.6587524835,,
27,Pamtsho,11,27.515495,89.641728,123,Nima HSS,27.5107091633,89.6341291296,,
30,Samtenling,9,27.515495,89.641728,123,Nima HSS,27.50077888,89.6336932565,,
32,Simtokha,3,27.515495,89.641728,123,Nima HSS,27.4344083978,89.6678739051,,
33,Taba,86,27.515495,89.641728,123,Nima HSS,27.5129062519,89.6451777064,,
36,Yangchenphug,2,27.515495,89.641728,123,Nima HSS,27.467397,89.6467373768,,
38,Zilukha,5,27.515495,89.641728,123,Nima HSS,27.4855720912,89.6302952398,,
1,Babesa,64,27.446639,89.658061,124,Pelkhil HSS,27.4291816677,89.6472096023,,
3,Bjemina,7,27.446639,89.658061,124,Pelkhil HSS,27.402968,89.570704,,
4,Changangkha,6,27.446639,89.658061,124,Pelkhil HSS,27.4724539904,89.6308464685,,
4,Changbangdu,18,27.446639,89.658061,124,Pelkhil HSS,27.4513917224,89.6472442834,,
5,Changgidaphu,2,27.446639,89.658061,124,Pelkhil HSS,27.4599353896,89.6333761155,,
6,Changjalu,49,27.446639,89.658061,124,Pelkhil HSS,27.4469707462,89.6587524835,,
7,Changzamtog,27,27.446639,89.658061,124,Pelkhil HSS,27.4611489703,89.641853715,,
8,Chanjiji,36,27.446639,89.658061,124,Pelkhil HSS,27.4555043578,89.6529220173,,
9,Core,5,27.446639,89.658061,124,Pelkhil HSS,27.4733136477,89.6382533581,,
10,Debsi,6,27.446639,89.658061,124,Pelkhil HSS,27.4315666969,89.6403752994,,
11,Dechencholing,7,27.446639,89.658061,124,Pelkhil HSS,27.5326052807,89.6425383727,,
14,Gidakom,4,27.446639,89.658061,124,Pelkhil HSS,27.404767,89.569741,,
15,Hejo,1,27.446639,89.658061,124,Pelkhil HSS,27.50077888,89.6336932565,,
16,Hongtsho,1,27.446639,89.658061,124,Pelkhil HSS,27.485941,89.724004,,
17,Jungshina,6,27.446639,89.658061,124,Pelkhil HSS,27.5107091633,89.6341291296,,
19,Kawangjangsa,4,27.446639,89.658061,124,Pelkhil HSS,27.4855720912,89.6302952398,,
20,Khasadrapchu,8,27.446639,89.658061,124,Pelkhil HSS,27.386985,89.584902,,
22,Langjophakha,4,27.446639,89.658061,124,Pelkhil HSS,27.4958974797,89.6413215052,,
23,Lubding,1,27.446639,89.658061,124,Pelkhil HSS,27.4497466283,89.6694540333,,
24,Motithang,14,27.446639,89.658061,124,Pelkhil HSS,27.4766506425,89.6197167055,,
25,Namseyling,8,27.446639,89.658061,124,Pelkhil HSS,27.404257,89.6064,,
26,Olakha,121,27.446639,89.658061,124,Pelkhil HSS,27.4469707462,89.6587524835,,
28,Ramtokto,1,27.446639,89.658061,124,Pelkhil HSS,27.416321,89.622819,,
29,RTC,1,27.446639,89.658061,124,Pelkhil HSS,27.4034984778,89.6566570452,,
30,Samtenling,3,27.446639,89.658061,124,Pelkhil HSS,27.50077888,89.6336932565,,
31,Serbithang,2,27.446639,89.658061,124,Pelkhil HSS,27.4202951523,89.6559116068,,
32,Simtokha,26,27.446639,89.658061,124,Pelkhil HSS,27.4344083978,89.6678739051,,
33,Taba,6,27.446639,89.658061,124,Pelkhil HSS,27.5129062519,89.6451777064,,
34,Tshalubar,3,27.446639,89.658061,124,Pelkhil HSS,27.4377037677,89.6555866401,,
35,Tshalumarphey,5,27.446639,89.658061,124,Pelkhil HSS,27.4377037677,89.6555866401,,
36,Yangchenphug,3,27.446639,89.658061,124,Pelkhil HSS,27.467397,89.6467373768,,
37,Yoselpang,2,27.446639,89.658061,124,Pelkhil HSS,27.462597,89.705355,,
1,Babesa,9,27.460509,89.639935,125,Phuensum PS,27.4291816677,89.6472096023,,
4,Changangkha,2,27.460509,89.639935,125,Phuensum PS,27.4724539904,89.6308464685,,
4,Changbangdu,2,27.460509,89.639935,125,Phuensum PS,27.4513917224,89.6472442834,,
5,Changgidaphu,30,27.460509,89.639935,125,Phuensum PS,27.4599353896,89.6333761155,,
6,Changjalu,6,27.460509,89.639935,125,Phuensum PS,27.4469707462,89.6587524835,,
7,Changzamtog,48,27.460509,89.639935,125,Phuensum PS,27.4611489703,89.641853715,,
8,Chanjiji,7,27.460509,89.639935,125,Phuensum PS,27.4555043578,89.6529220173,,
9,Core,3,27.460509,89.639935,125,Phuensum PS,27.4733136477,89.6382533581,,
10,Debsi,1,27.460509,89.639935,125,Phuensum PS,27.4315666969,89.6403752994,,
18,Kabisa,1,27.460509,89.639935,125,Phuensum PS,27.5490698811,89.6542996104,,
19,Kawangjangsa,1,27.460509,89.639935,125,Phuensum PS,27.4855720912,89.6302952398,,
22,Langjophakha,1,27.460509,89.639935,125,Phuensum PS,27.4958974797,89.6413215052,,
24,Motithang,2,27.460509,89.639935,125,Phuensum PS,27.4766506425,89.6197167055,,
26,Olakha,3,27.460509,89.639935,125,Phuensum PS,27.4469707462,89.6587524835,,
30,Samtenling,1,27.460509,89.639935,125,Phuensum PS,27.50077888,89.6336932565,,
33,Taba,2,27.460509,89.639935,125,Phuensum PS,27.5129062519,89.6451777064,,
35,Tshalumarphey,1,27.460509,89.639935,125,Phuensum PS,27.4377037677,89.6555866401,,
1,Babesa,33,27.457872,89.634718,126,Rinchen HSS,27.4291816677,89.6472096023,,
3,Bjemina,1,27.457872,89.634718,126,Rinchen HSS,27.402968,89.570704,,
4,Changangkha,17,27.457872,89.634718,126,Rinchen HSS,27.4724539904,89.6308464685,,
4,Changbangdu,8,27.457872,89.634718,126,Rinchen HSS,27.4513917224,89.6472442834,,
5,Changgidaphu,37,27.457872,89.634718,126,Rinchen HSS,27.4599353896,89.6333761155,,
6,Changjalu,7,27.457872,89.634718,126,Rinchen HSS,27.4469707462,89.6587524835,,
7,Changzamtog,58,27.457872,89.634718,126,Rinchen HSS,27.4611489703,89.641853715,,
8,Chanjiji,17,27.457872,89.634718,126,Rinchen HSS,27.4555043578,89.6529220173,,
9,Core,6,27.457872,89.634718,126,Rinchen HSS,27.4733136477,89.6382533581,,
10,Debsi,1,27.457872,89.634718,126,Rinchen HSS,27.4315666969,89.6403752994,,
11,Dechencholing,11,27.457872,89.634718,126,Rinchen HSS,27.5326052807,89.6425383727,,
14,Gidakom,1,27.457872,89.634718,126,Rinchen HSS,27.404767,89.569741,,
15,Hejo,7,27.457872,89.634718,126,Rinchen HSS,27.50077888,89.6336932565,,
17,Jungshina,5,27.457872,89.634718,126,Rinchen HSS,27.5107091633,89.6341291296,,
18,Kabisa,1,27.457872,89.634718,126,Rinchen HSS,27.5490698811,89.6542996104,,
19,Kawangjangsa,3,27.457872,89.634718,126,Rinchen HSS,27.4855720912,89.6302952398,,
21,Kungacholing,2,27.457872,89.634718,126,Rinchen HSS,27.4766506425,89.6197167055,,
22,Langjophakha,2,27.457872,89.634718,126,Rinchen HSS,27.4958974797,89.6413215052,,
24,Motithang,24,27.457872,89.634718,126,Rinchen HSS,27.4766506425,89.6197167055,,
25,Namseyling,1,27.457872,89.634718,126,Rinchen HSS,27.404257,89.6064,,
26,Olakha,20,27.457872,89.634718,126,Rinchen HSS,27.4469707462,89.6587524835,,
27,Pamtsho,6,27.457872,89.634718,126,Rinchen HSS,27.5107091633,89.6341291296,,
30,Samtenling,5,27.457872,89.634718,126,Rinchen HSS,27.50077888,89.6336932565,,
32,Simtokha,4,27.457872,89.634718,126,Rinchen HSS,27.4344083978,89.6678739051,,
33,Taba,6,27.457872,89.634718,126,Rinchen HSS,27.5129062519,89.6451777064,,
36,Yangchenphug,1,27.457872,89.634718,126,Rinchen HSS,27.467397,89.6467373768,,
38,Zilukha,3,27.457872,89.634718,126,Rinchen HSS,27.4855720912,89.6302952398,,
1,Babesa,44,27.475194,89.630542,127,Rinchen Kuenphen PS,27.4291816677,89.6472096023,,
2,Begana,2,27.475194,89.630542,127,Rinchen Kuenphen PS,27.5718908596,89.6357002125,,
4,Changangkha,330,27.475194,89.630542,127,Rinchen Kuenphen PS,27.4724539904,89.6308464685,,
4,Changbangdu,12,27.475194,89.630542,127,Rinchen Kuenphen PS,27.4513917224,89.6472442834,,
5,Changgidaphu,46,27.475194,89.630542,127,Rinchen Kuenphen PS,27.4599353896,89.6333761155,,
6,Changjalu,28,27.475194,89.630542,127,Rinchen Kuenphen PS,27.4469707462,89.6587524835,,
7,Changzamtog,83,27.475194,89.630542,127,Rinchen Kuenphen PS,27.4611489703,89.641853715,,
8,Chanjiji,50,27.475194,89.630542,127,Rinchen Kuenphen PS,27.4555043578,89.6529220173,,
9,Core,84,27.475194,89.630542,127,Rinchen Kuenphen PS,27.4733136477,89.6382533581,,
10,Debsi,7,27.475194,89.630542,127,Rinchen Kuenphen PS,27.4315666969,89.6403752994,,
11,Dechencholing,12,27.475194,89.630542,127,Rinchen Kuenphen PS,27.5326052807,89.6425383727,,
12,Dzong,1,27.475194,89.630542,127,Rinchen Kuenphen PS,27.4883002592,89.635544727,,
14,Gidakom,1,27.475194,89.630542,127,Rinchen Kuenphen PS,27.404767,89.569741,,
15,Hejo,29,27.475194,89.630542,127,Rinchen Kuenphen PS,27.50077888,89.6336932565,,
17,Jungshina,53,27.475194,89.630542,127,Rinchen Kuenphen PS,27.5107091633,89.6341291296,,
18,Kabisa,13,27.475194,89.630542,127,Rinchen Kuenphen PS,27.5490698811,89.6542996104,,
19,Kawangjangsa,40,27.475194,89.630542,127,Rinchen Kuenphen PS,27.4855720912,89.6302952398,,
22,Langjophakha,31,27.475194,89.630542,127,Rinchen Kuenphen PS,27.4958974797,89.6413215052,,
23,Lubding,1,27.475194,89.630542,127,Rinchen Kuenphen PS,27.4497466283,89.6694540333,,
24,Motithang,118,27.475194,89.630542,127,Rinchen Kuenphen PS,27.4766506425,89.6197167055,,
26,Olakha,35,27.475194,89.630542,127,Rinchen Kuenphen PS,27.4469707462,89.6587524835,,
27,Pamtsho,23,27.475194,89.630542,127,Rinchen Kuenphen PS,27.5107091633,89.6341291296,,
28,Ramtokto,1,27.475194,89.630542,127,Rinchen Kuenphen PS,27.416321,89.622819,,
29,RTC,2,27.475194,89.630542,127,Rinchen Kuenphen PS,27.4034984778,89.6566570452,,
30,Samtenling,18,27.475194,89.630542,127,Rinchen Kuenphen PS,27.50077888,89.6336932565,,
31,Serbithang,4,27.475194,89.630542,127,Rinchen Kuenphen PS,27.4202951523,89.6559116068,,
32,Simtokha,28,27.475194,89.630542,127,Rinchen Kuenphen PS,27.4344083978,89.6678739051,,
33,Taba,34,27.475194,89.630542,127,Rinchen Kuenphen PS,27.5129062519,89.6451777064,,
35,Tshalumarphey,8,27.475194,89.630542,127,Rinchen Kuenphen PS,27.4377037677,89.6555866401,,
36,Yangchenphug,26,27.475194,89.630542,127,Rinchen Kuenphen PS,27.467397,89.6467373768,,
37,Yoselpang,1,27.475194,89.630542,127,Rinchen Kuenphen PS,27.462597,89.705355,,
38,Zilukha,4,27.475194,89.630542,127,Rinchen Kuenphen PS,27.4855720912,89.6302952398,,
1,Babesa,3,27.475204,89.620175,128,Sersang PS,27.4291816677,89.6472096023,,
4,Changangkha,5,27.475204,89.620175,128,Sersang PS,27.4724539904,89.6308464685,,
4,Changbangdu,1,27.475204,89.620175,128,Sersang PS,27.4513917224,89.6472442834,,
5,Changgidaphu,1,27.475204,89.620175,128,Sersang PS,27.4599353896,89.6333761155,,
7,Changzamtog,5,27.475204,89.620175,128,Sersang PS,27.4611489703,89.641853715,,
9,Core,4,27.475204,89.620175,128,Sersang PS,27.4733136477,89.6382533581,,
10,Debsi,1,27.475204,89.620175,128,Sersang PS,27.4315666969,89.6403752994,,
20,Khasadrapchu,1,27.475204,89.620175,128,Sersang PS,27.386985,89.584902,,
21,Kungacholing,1,27.475204,89.620175,128,Sersang PS,27.4766506425,89.6197167055,,
22,Langjophakha,5,27.475204,89.620175,128,Sersang PS,27.4958974797,89.6413215052,,
24,Motithang,28,27.475204,89.620175,128,Sersang PS,27.4766506425,89.6197167055,,
26,Olakha,3,27.475204,89.620175,128,Sersang PS,27.4469707462,89.6587524835,,
27,Pamtsho,2,27.475204,89.620175,128,Sersang PS,27.5107091633,89.6341291296,,
31,Serbithang,1,27.475204,89.620175,128,Sersang PS,27.4202951523,89.6559116068,,
32,Simtokha,9,27.475204,89.620175,128,Sersang PS,27.4344083978,89.6678739051,,
33,Taba,8,27.475204,89.620175,128,Sersang PS,27.5129062519,89.6451777064,,
35,Tshalumarphey,2,27.475204,89.620175,128,Sersang PS,27.4377037677,89.6555866401,,
38,Zilukha,2,27.475204,89.620175,128,Sersang PS,27.4855720912,89.6302952398,,
1,Babesa,6,27.476602,89.627194,129,Sunshine PS,27.4291816677,89.6472096023,,
4,Changangkha,24,27.476602,89.627194,129,Sunshine PS,27.4724539904,89.6308464685,,
4,Changbangdu,1,27.476602,89.627194,129,Sunshine PS,27.4513917224,89.6472442834,,
6,Changjalu,1,27.476602,89.627194,129,Sunshine PS,27.4469707462,89.6587524835,,
8,Chanjiji,1,27.476602,89.627194,129,Sunshine PS,27.4555043578,89.6529220173,,
9,Core,1,27.476602,89.627194,129,Sunshine PS,27.4733136477,89.6382533581,,
11,Dechencholing,1,27.476602,89.627194,129,Sunshine PS,27.5326052807,89.6425383727,,
17,Jungshina,1,27.476602,89.627194,129,Sunshine PS,27.5107091633,89.6341291296,,
22,Langjophakha,3,27.476602,89.627194,129,Sunshine PS,27.4958974797,89.6413215052,,
23,Lubding,1,27.476602,89.627194,129,Sunshine PS,27.4497466283,89.6694540333,,
24,Motithang,46,27.476602,89.627194,129,Sunshine PS,27.4766506425,89.6197167055,,
26,Olakha,1,27.476602,89.627194,129,Sunshine PS,27.4469707462,89.6587524835,,
27,Pamtsho,2,27.476602,89.627194,129,Sunshine PS,27.5107091633,89.6341291296,,
30,Samtenling,2,27.476602,89.627194,129,Sunshine PS,27.50077888,89.6336932565,,
32,Simtokha,2,27.476602,89.627194,129,Sunshine PS,27.4344083978,89.6678739051,,
33,Taba,3,27.476602,89.627194,129,Sunshine PS,27.5129062519,89.6451777064,,
36,Yangchenphug,1,27.476602,89.627194,129,Sunshine PS,27.467397,89.6467373768,,
7,Changzamtog,1,27.512519,89.648353,130,Taba LSS,27.4611489703,89.641853715,,
10,Debsi,1,27.512519,89.648353,130,Taba LSS,27.4315666969,89.6403752994,,
11,Dechencholing,56,27.512519,89.648353,130,Taba LSS,27.5326052807,89.6425383727,,
18,Kabisa,2,27.512519,89.648353,130,Taba LSS,27.5490698811,89.6542996104,,
19,Kawangjangsa,1,27.512519,89.648353,130,Taba LSS,27.4855720912,89.6302952398,,
22,Langjophakha,1,27.512519,89.648353,130,Taba LSS,27.4958974797,89.6413215052,,
24,Motithang,1,27.512519,89.648353,130,Taba LSS,27.4766506425,89.6197167055,,
27,Pamtsho,3,27.512519,89.648353,130,Taba LSS,27.5107091633,89.6341291296,,
33,Taba,267,27.512519,89.648353,130,Taba LSS,27.5129062519,89.6451777064,,
2,Begana,1,27.463673,89.643385,131,Thimphu PS,27.5718908596,89.6357002125,,
4,Changangkha,1,27.463673,89.643385,131,Thimphu PS,27.4724539904,89.6308464685,,
7,Changzamtog,4,27.463673,89.643385,131,Thimphu PS,27.4611489703,89.641853715,,
9,Core,1,27.463673,89.643385,131,Thimphu PS,27.4733136477,89.6382533581,,
11,Dechencholing,1,27.463673,89.643385,131,Thimphu PS,27.5326052807,89.6425383727,,
22,Langjophakha,1,27.463673,89.643385,131,Thimphu PS,27.4958974797,89.6413215052,,
29,RTC,1,27.463673,89.643385,131,Thimphu PS,27.4034984778,89.6566570452,,
38,Zilukha,2,27.463673,89.643385,131,Thimphu PS,27.4855720912,89.6302952398,,
1,Babesa,85,27.466553,89.646839,132,Yangchenphu HSS,27.4291816677,89.6472096023,,
2,Begana,1,27.466553,89.646839,132,Yangchenphu HSS,27.5718908596,89.6357002125,,
3,Bjemina,1,27.466553,89.646839,132,Yangchenphu HSS,27.402968,89.570704,,
4,Changangkha,25,27.466553,89.646839,132,Yangchenphu HSS,27.4724539904,89.6308464685,,
4,Changbangdu,44,27.466553,89.646839,132,Yangchenphu HSS,27.4513917224,89.6472442834,,
5,Changgidaphu,34,27.466553,89.646839,132,Yangchenphu HSS,27.4599353896,89.6333761155,,
6,Changjalu,44,27.466553,89.646839,132,Yangchenphu HSS,27.4469707462,89.6587524835,,
7,Changzamtog,181,27.466553,89.646839,132,Yangchenphu HSS,27.4611489703,89.641853715,,
8,Chanjiji,133,27.466553,89.646839,132,Yangchenphu HSS,27.4555043578,89.6529220173,,
9,Core,46,27.466553,89.646839,132,Yangchenphu HSS,27.4733136477,89.6382533581,,
10,Debsi,7,27.466553,89.646839,132,Yangchenphu HSS,27.4315666969,89.6403752994,,
11,Dechencholing,27,27.466553,89.646839,132,Yangchenphu HSS,27.5326052807,89.6425383727,,
13,Gangchey,1,27.466553,89.646839,132,Yangchenphu HSS,27.4177850318,89.6418826587,,
14,Gidakom,8,27.466553,89.646839,132,Yangchenphu HSS,27.404767,89.569741,,
15,Hejo,10,27.466553,89.646839,132,Yangchenphu HSS,27.50077888,89.6336932565,,
17,Jungshina,14,27.466553,89.646839,132,Yangchenphu HSS,27.5107091633,89.6341291296,,
18,Kabisa,8,27.466553,89.646839,132,Yangchenphu HSS,27.5490698811,89.6542996104,,
19,Kawangjangsa,9,27.466553,89.646839,132,Yangchenphu HSS,27.4855720912,89.6302952398,,
20,Khasadrapchu,10,27.466553,89.646839,132,Yangchenphu HSS,27.386985,89.584902,,
22,Langjophakha,29,27.466553,89.646839,132,Yangchenphu HSS,27.4958974797,89.6413215052,,
23,Lubding,6,27.466553,89.646839,132,Yangchenphu HSS,27.4497466283,89.6694540333,,
24,Motithang,14,27.466553,89.646839,132,Yangchenphu HSS,27.4766506425,89.6197167055,,
25,Namseyling,6,27.466553,89.646839,132,Yangchenphu HSS,27.404257,89.6064,,
26,Olakha,91,27.466553,89.646839,132,Yangchenphu HSS,27.4469707462,89.6587524835,,
27,Pamtsho,2,27.466553,89.646839,132,Yangchenphu HSS,27.5107091633,89.6341291296,,
28,Ramtokto,6,27.466553,89.646839,132,Yangchenphu HSS,27.416321,89.622819,,
29,RTC,7,27.466553,89.646839,132,Yangchenphu HSS,27.4034984778,89.6566570452,,
30,Samtenling,14,27.466553,89.646839,132,Yangchenphu HSS,27.50077888,89.6336932565,,
31,Serbithang,7,27.466553,89.646839,132,Yangchenphu HSS,27.4202951523,89.6559116068,,
32,Simtokha,29,27.466553,89.646839,132,Yangchenphu HSS,27.4344083978,89.6678739051,,
33,Taba,20,27.466553,89.646839,132,Yangchenphu HSS,27.5129062519,89.6451777064,,
35,Tshalumarphey,7,27.466553,89.646839,132,Yangchenphu HSS,27.4377037677,89.6555866401,,
36,Yangchenphug,42,27.466553,89.646839,132,Yangchenphu HSS,27.467397,89.6467373768,,
37,Yoselpang,4,27.466553,89.646839,132,Yangchenphu HSS,27.462597,89.705355,,
38,Zilukha,9,27.466553,89.646839,132,Yangchenphu HSS,27.4855720912,89.6302952398,,
1,Babesa,25,27.462297,89.641859,133,Zilnoen Namgyelling LSS,27.4291816677,89.6472096023,,
2,Begana,1,27.462297,89.641859,133,Zilnoen Namgyelling LSS,27.5718908596,89.6357002125,,
3,Bjemina,2,27.462297,89.641859,133,Zilnoen Namgyelling LSS,27.402968,89.570704,,
4,Changangkha,12,27.462297,89.641859,133,Zilnoen Namgyelling LSS,27.4724539904,89.6308464685,,
4,Changbangdu,12,27.462297,89.641859,133,Zilnoen Namgyelling LSS,27.4513917224,89.6472442834,,
5,Changgidaphu,90,27.462297,89.641859,133,Zilnoen Namgyelling LSS,27.4599353896,89.6333761155,,
6,Changjalu,11,27.462297,89.641859,133,Zilnoen Namgyelling LSS,27.4469707462,89.6587524835,,
7,Changzamtog,446,27.462297,89.641859,133,Zilnoen Namgyelling LSS,27.4611489703,89.641853715,,
8,Chanjiji,20,27.462297,89.641859,133,Zilnoen Namgyelling LSS,27.4555043578,89.6529220173,,
9,Core,67,27.462297,89.641859,133,Zilnoen Namgyelling LSS,27.4733136477,89.6382533581,,
11,Dechencholing,4,27.462297,89.641859,133,Zilnoen Namgyelling LSS,27.5326052807,89.6425383727,,
12,Dzong,1,27.462297,89.641859,133,Zilnoen Namgyelling LSS,27.4883002592,89.635544727,,
15,Hejo,2,27.462297,89.641859,133,Zilnoen Namgyelling LSS,27.50077888,89.6336932565,,
17,Jungshina,8,27.462297,89.641859,133,Zilnoen Namgyelling LSS,27.5107091633,89.6341291296,,
18,Kabisa,1,27.462297,89.641859,133,Zilnoen Namgyelling LSS,27.5490698811,89.6542996104,,
19,Kawangjangsa,1,27.462297,89.641859,133,Zilnoen Namgyelling LSS,27.4855720912,89.6302952398,,
22,Langjophakha,11,27.462297,89.641859,133,Zilnoen Namgyelling LSS,27.4958974797,89.6413215052,,
24,Motithang,4,27.462297,89.641859,133,Zilnoen Namgyelling LSS,27.4766506425,89.6197167055,,
25,Namseyling,1,27.462297,89.641859,133,Zilnoen Namgyelling LSS,27.404257,89.6064,,
26,Olakha,13,27.462297,89.641859,133,Zilnoen Namgyelling LSS,27.4469707462,89.6587524835,,
27,Pamtsho,4,27.462297,89.641859,133,Zilnoen Namgyelling LSS,27.5107091633,89.6341291296,,
28,Ramtokto,1,27.462297,89.641859,133,Zilnoen Namgyelling LSS,27.416321,89.622819,,
29,RTC,2,27.462297,89.641859,133,Zilnoen Namgyelling LSS,27.4034984778,89.6566570452,,
30,Samtenling,32,27.462297,89.641859,133,Zilnoen Namgyelling LSS,27.50077888,89.6336932565,,
32,Simtokha,15,27.462297,89.641859,133,Zilnoen Namgyelling LSS,27.4344083978,89.6678739051,,
33,Taba,3,27.462297,89.641859,133,Zilnoen Namgyelling LSS,27.5129062519,89.6451777064,,
35,Tshalumarphey,1,27.462297,89.641859,133,Zilnoen Namgyelling LSS,27.4377037677,89.6555866401,,
36,Yangchenphug,19,27.462297,89.641859,133,Zilnoen Namgyelling LSS,27.467397,89.6467373768,,
38,Zilukha,4,27.462297,89.641859,133,Zilnoen Namgyelling LSS,27.4855720912,89.6302952398,,
1,Babesa,17,27.48831,89.63018,134,Zilukha MSS,27.4291816677,89.6472096023,,
2,Begana,19,27.48831,89.63018,134,Zilukha MSS,27.5718908596,89.6357002125,,
4,Changangkha,22,27.48831,89.63018,134,Zilukha MSS,27.4724539904,89.6308464685,,
4,Changbangdu,3,27.48831,89.63018,134,Zilukha MSS,27.4513917224,89.6472442834,,
5,Changgidaphu,3,27.48831,89.63018,134,Zilukha MSS,27.4599353896,89.6333761155,,
6,Changjalu,8,27.48831,89.63018,134,Zilukha MSS,27.4469707462,89.6587524835,,
7,Changzamtog,7,27.48831,89.63018,134,Zilukha MSS,27.4611489703,89.641853715,,
8,Chanjiji,14,27.48831,89.63018,134,Zilukha MSS,27.4555043578,89.6529220173,,
9,Core,21,27.48831,89.63018,134,Zilukha MSS,27.4733136477,89.6382533581,,
11,Dechencholing,22,27.48831,89.63018,134,Zilukha MSS,27.5326052807,89.6425383727,,
12,Dzong,3,27.48831,89.63018,134,Zilukha MSS,27.4883002592,89.635544727,,
15,Hejo,224,27.48831,89.63018,134,Zilukha MSS,27.50077888,89.6336932565,,
17,Jungshina,193,27.48831,89.63018,134,Zilukha MSS,27.5107091633,89.6341291296,,
18,Kabisa,4,27.48831,89.63018,134,Zilukha MSS,27.5490698811,89.6542996104,,
19,Kawangjangsa,27,27.48831,89.63018,134,Zilukha MSS,27.4855720912,89.6302952398,,
20,Khasadrapchu,2,27.48831,89.63018,134,Zilukha MSS,27.386985,89.584902,,
22,Langjophakha,107,27.48831,89.63018,134,Zilukha MSS,27.4958974797,89.6413215052,,
24,Motithang,34,27.48831,89.63018,134,Zilukha MSS,27.4766506425,89.6197167055,,
26,Olakha,10,27.48831,89.63018,134,Zilukha MSS,27.4469707462,89.6587524835,,
27,Pamtsho,89,27.48831,89.63018,134,Zilukha MSS,27.5107091633,89.6341291296,,
28,Ramtokto,3,27.48831,89.63018,134,Zilukha MSS,27.416321,89.622819,,
30,Samtenling,113,27.48831,89.63018,134,Zilukha MSS,27.50077888,89.6336932565,,
31,Serbithang,2,27.48831,89.63018,134,Zilukha MSS,27.4202951523,89.6559116068,,
32,Simtokha,8,27.48831,89.63018,134,Zilukha MSS,27.4344083978,89.6678739051,,
33,Taba,24,27.48831,89.63018,134,Zilukha MSS,27.5129062519,89.6451777064,,
35,Tshalumarphey,1,27.48831,89.63018,134,Zilukha MSS,27.4377037677,89.6555866401,,
36,Yangchenphug,8,27.48831,89.63018,134,Zilukha MSS,27.467397,89.6467373768,,
38,Zilukha,306,27.48831,89.63018,134,Zilukha MSS,27.4855720912,89.6302952398,,