origin_id,origin_zone,dest_id,dest_school,count(*),school_lat,School_long,zone_lat,zone_long
1,Babesa,101,Babesa HSS,249,27.426344,89.657088,27.4291816677,89.6472096023
2,Bjemina,101,Babesa HSS,1,27.426344,89.657088,27.402968,89.570704
3,Changangkha,101,Babesa HSS,1,27.426344,89.657088,27.4724539904,89.6308464685
4,Changgidaphu,101,Babesa HSS,2,27.426344,89.657088,27.4599353896,89.6333761155
5,Changjalu,101,Babesa HSS,7,27.426344,89.657088,27.4469707462,89.6587524835
6,Changzamtog,101,Babesa HSS,5,27.426344,89.657088,27.4611489703,89.641853715
7,Chanjiji,101,Babesa HSS,2,27.426344,89.657088,27.4555043578,89.6529220173
8,Core,101,Babesa HSS,1,27.426344,89.657088,27.4733136477,89.6382533581
9,Debsi,101,Babesa HSS,16,27.426344,89.657088,27.4315666969,89.6403752994
10,Dechencholing,101,Babesa HSS,1,27.426344,89.657088,27.5326052807,89.6425383727
11,Gangchey,101,Babesa HSS,15,27.426344,89.657088,27.4177850318,89.6418826587
12,Jungshina,101,Babesa HSS,1,27.426344,89.657088,27.5107091633,89.6341291296
13,Langjophakha,101,Babesa HSS,1,27.426344,89.657088,27.4958974797,89.6413215052
14,Lubding,101,Babesa HSS,1,27.426344,89.657088,27.4497466283,89.6694540333
15,Motithang,101,Babesa HSS,2,27.426344,89.657088,27.4766506425,89.6197167055
16,Namseyling,101,Babesa HSS,2,27.426344,89.657088,27.404257,89.6064
17,Olakha,101,Babesa HSS,15,27.426344,89.657088,27.4469707462,89.6587524835
18,Ramtokto,101,Babesa HSS,8,27.426344,89.657088,27.416321,89.622819
19,RTC,101,Babesa HSS,14,27.426344,89.657088,27.4034984778,89.6566570452
20,Samtenling,101,Babesa HSS,1,27.426344,89.657088,27.50077888,89.6336932565
21,Serbithang,101,Babesa HSS,33,27.426344,89.657088,27.4202951523,89.6559116068
22,Simtokha,101,Babesa HSS,10,27.426344,89.657088,27.4344083978,89.6678739051
23,Tshalubar,101,Babesa HSS,2,27.426344,89.657088,27.4377037677,89.6555866401
24,Tshalumarphey,101,Babesa HSS,5,27.426344,89.657088,27.4377037677,89.6555866401
25,Babesa,102,Babesa PS,375,27.429027,89.650867,27.4291816677,89.6472096023
26,Bjemina,102,Babesa PS,1,27.429027,89.650867,27.402968,89.570704
27,Changjalu,102,Babesa PS,4,27.429027,89.650867,27.4469707462,89.6587524835
28,Changzamtog,102,Babesa PS,4,27.429027,89.650867,27.4611489703,89.641853715
29,Chanjiji,102,Babesa PS,4,27.429027,89.650867,27.4555043578,89.6529220173
30,Core,102,Babesa PS,1,27.429027,89.650867,27.4733136477,89.6382533581
31,Debsi,102,Babesa PS,31,27.429027,89.650867,27.4315666969,89.6403752994
32,Dzong,102,Babesa PS,1,27.429027,89.650867,27.4883002592,89.635544727
33,Gangchey,102,Babesa PS,23,27.429027,89.650867,27.4177850318,89.6418826587
34,Kabisa,102,Babesa PS,1,27.429027,89.650867,27.5490698811,89.6542996104
35,Khasadrapchu,102,Babesa PS,1,27.429027,89.650867,27.386985,89.584902
36,Langjophakha,102,Babesa PS,1,27.429027,89.650867,27.4958974797,89.6413215052
37,Motithang,102,Babesa PS,1,27.429027,89.650867,27.4766506425,89.6197167055
38,Olakha,102,Babesa PS,16,27.429027,89.650867,27.4469707462,89.6587524835
39,Pamtsho,102,Babesa PS,2,27.429027,89.650867,27.5107091633,89.6341291296
40,Ramtokto,102,Babesa PS,4,27.429027,89.650867,27.416321,89.622819
41,RTC,102,Babesa PS,20,27.429027,89.650867,27.4034984778,89.6566570452
42,Samtenling,102,Babesa PS,1,27.429027,89.650867,27.50077888,89.6336932565
43,Serbithang,102,Babesa PS,29,27.429027,89.650867,27.4202951523,89.6559116068
44,Simtokha,102,Babesa PS,26,27.429027,89.650867,27.4344083978,89.6678739051
45,Taba,102,Babesa PS,3,27.429027,89.650867,27.5129062519,89.6451777064
46,Tshalubar,102,Babesa PS,2,27.429027,89.650867,27.4377037677,89.6555866401
47,Tshalumarphey,102,Babesa PS,18,27.429027,89.650867,27.4377037677,89.6555866401
48,Zilukha,102,Babesa PS,2,27.429027,89.650867,27.4855720912,89.6302952398
49,Babesa,103,Chang Rigphel PS,100,27.447167,89.662296,27.4291816677,89.6472096023
50,Changbangdu,103,Chang Rigphel PS,10,27.447167,89.662296,27.4513917224,89.6472442834
51,Changgidaphu,103,Chang Rigphel PS,1,27.447167,89.662296,27.4599353896,89.6333761155
52,Changjalu,103,Chang Rigphel PS,145,27.447167,89.662296,27.4469707462,89.6587524835
53,Changzamtog,103,Chang Rigphel PS,6,27.447167,89.662296,27.4611489703,89.641853715
54,Chanjiji,103,Chang Rigphel PS,11,27.447167,89.662296,27.4555043578,89.6529220173
55,Core,103,Chang Rigphel PS,1,27.447167,89.662296,27.4733136477,89.6382533581
56,Debsi,103,Chang Rigphel PS,9,27.447167,89.662296,27.4315666969,89.6403752994
57,Gangchey,103,Chang Rigphel PS,7,27.447167,89.662296,27.4177850318,89.6418826587
58,Jungshina,103,Chang Rigphel PS,1,27.447167,89.662296,27.5107091633,89.6341291296
59,Khasadrapchu,103,Chang Rigphel PS,1,27.447167,89.662296,27.386985,89.584902
60,Langjophakha,103,Chang Rigphel PS,2,27.447167,89.662296,27.4958974797,89.6413215052
61,Lubding,103,Chang Rigphel PS,14,27.447167,89.662296,27.4497466283,89.6694540333
62,Motithang,103,Chang Rigphel PS,1,27.447167,89.662296,27.4766506425,89.6197167055
63,Namseyling,103,Chang Rigphel PS,3,27.447167,89.662296,27.404257,89.6064
64,Olakha,103,Chang Rigphel PS,394,27.447167,89.662296,27.4469707462,89.6587524835
65,Pamtsho,103,Chang Rigphel PS,2,27.447167,89.662296,27.5107091633,89.6341291296
66,Serbithang,103,Chang Rigphel PS,1,27.447167,89.662296,27.4202951523,89.6559116068
67,Simtokha,103,Chang Rigphel PS,43,27.447167,89.662296,27.4344083978,89.6678739051
68,Taba,103,Chang Rigphel PS,1,27.447167,89.662296,27.5129062519,89.6451777064
69,Tshalubar,103,Chang Rigphel PS,9,27.447167,89.662296,27.4377037677,89.6555866401
70,Tshalumarphey,103,Chang Rigphel PS,26,27.447167,89.662296,27.4377037677,89.6555866401
71,Yangchenphug,103,Chang Rigphel PS,1,27.447167,89.662296,27.467397,89.6467373768
72,Yoselpang,103,Chang Rigphel PS,1,27.447167,89.662296,27.462597,89.705355
73,Babesa,104,Changangkha MSS,32,27.475287,89.631975,27.4291816677,89.6472096023
74,Begana,104,Changangkha MSS,4,27.475287,89.631975,27.5718908596,89.6357002125
75,Bjemina,104,Changangkha MSS,2,27.475287,89.631975,27.402968,89.570704
76,Changangkha,104,Changangkha MSS,230,27.475287,89.631975,27.4724539904,89.6308464685
77,Changbangdu,104,Changangkha MSS,8,27.475287,89.631975,27.4513917224,89.6472442834
78,Changgidaphu,104,Changangkha MSS,33,27.475287,89.631975,27.4599353896,89.6333761155
79,Changjalu,104,Changangkha MSS,16,27.475287,89.631975,27.4469707462,89.6587524835
80,Changzamtog,104,Changangkha MSS,48,27.475287,89.631975,27.4611489703,89.641853715
81,Chanjiji,104,Changangkha MSS,28,27.475287,89.631975,27.4555043578,89.6529220173
82,Core,104,Changangkha MSS,54,27.475287,89.631975,27.4733136477,89.6382533581
83,Debsi,104,Changangkha MSS,5,27.475287,89.631975,27.4315666969,89.6403752994
84,Dechencholing,104,Changangkha MSS,17,27.475287,89.631975,27.5326052807,89.6425383727
85,Gangchey,104,Changangkha MSS,2,27.475287,89.631975,27.4177850318,89.6418826587
86,Gidakom,104,Changangkha MSS,2,27.475287,89.631975,27.404767,89.569741
87,Hejo,104,Changangkha MSS,10,27.475287,89.631975,27.50077888,89.6336932565
88,Jungshina,104,Changangkha MSS,25,27.475287,89.631975,27.5107091633,89.6341291296
89,Kabisa,104,Changangkha MSS,4,27.475287,89.631975,27.5490698811,89.6542996104
90,Kawangjangsa,104,Changangkha MSS,20,27.475287,89.631975,27.4855720912,89.6302952398
91,Khasadrapchu,104,Changangkha MSS,1,27.475287,89.631975,27.386985,89.584902
92,Langjophakha,104,Changangkha MSS,21,27.475287,89.631975,27.4958974797,89.6413215052
93,Lubding,104,Changangkha MSS,1,27.475287,89.631975,27.4497466283,89.6694540333
94,Motithang,104,Changangkha MSS,94,27.475287,89.631975,27.4766506425,89.6197167055
95,Olakha,104,Changangkha MSS,25,27.475287,89.631975,27.4469707462,89.6587524835
96,Pamtsho,104,Changangkha MSS,3,27.475287,89.631975,27.5107091633,89.6341291296
97,RTC,104,Changangkha MSS,12,27.475287,89.631975,27.4034984778,89.6566570452
98,Samtenling,104,Changangkha MSS,15,27.475287,89.631975,27.50077888,89.6336932565
99,Serbithang,104,Changangkha MSS,2,27.475287,89.631975,27.4202951523,89.6559116068
100,Simtokha,104,Changangkha MSS,7,27.475287,89.631975,27.4344083978,89.6678739051
101,Taba,104,Changangkha MSS,36,27.475287,89.631975,27.5129062519,89.6451777064
102,Tshalubar,104,Changangkha MSS,1,27.475287,89.631975,27.4377037677,89.6555866401
103,Tshalumarphey,104,Changangkha MSS,3,27.475287,89.631975,27.4377037677,89.6555866401
104,Yangchenphug,104,Changangkha MSS,7,27.475287,89.631975,27.467397,89.6467373768
105,Yoselpang,104,Changangkha MSS,1,27.475287,89.631975,27.462597,89.705355
106,Zilukha,104,Changangkha MSS,4,27.475287,89.631975,27.4855720912,89.6302952398
107,Babesa,105,Changzamtog MSS,59,27.460561,89.64135,27.4291816677,89.6472096023
108,Begana,105,Changzamtog MSS,4,27.460561,89.64135,27.5718908596,89.6357002125
109,Changangkha,105,Changzamtog MSS,32,27.460561,89.64135,27.4724539904,89.6308464685
110,Changbangdu,105,Changzamtog MSS,80,27.460561,89.64135,27.4513917224,89.6472442834
111,Changgidaphu,105,Changzamtog MSS,158,27.460561,89.64135,27.4599353896,89.6333761155
112,Changjalu,105,Changzamtog MSS,12,27.460561,89.64135,27.4469707462,89.6587524835
113,Changzamtog,105,Changzamtog MSS,789,27.460561,89.64135,27.4611489703,89.641853715
114,Chanjiji,105,Changzamtog MSS,57,27.460561,89.64135,27.4555043578,89.6529220173
115,Core,105,Changzamtog MSS,15,27.460561,89.64135,27.4733136477,89.6382533581
116,Debsi,105,Changzamtog MSS,6,27.460561,89.64135,27.4315666969,89.6403752994
117,Dechencholing,105,Changzamtog MSS,4,27.460561,89.64135,27.5326052807,89.6425383727
118,Dzong,105,Changzamtog MSS,1,27.460561,89.64135,27.4883002592,89.635544727
119,Hejo,105,Changzamtog MSS,3,27.460561,89.64135,27.50077888,89.6336932565
120,Hongtsho,105,Changzamtog MSS,1,27.460561,89.64135,27.485941,89.724004
121,Jungshina,105,Changzamtog MSS,5,27.460561,89.64135,27.5107091633,89.6341291296
122,Kabisa,105,Changzamtog MSS,3,27.460561,89.64135,27.5490698811,89.6542996104
123,Kawangjangsa,105,Changzamtog MSS,4,27.460561,89.64135,27.4855720912,89.6302952398
124,Khasadrapchu,105,Changzamtog MSS,2,27.460561,89.64135,27.386985,89.584902
125,Kungacholing,105,Changzamtog MSS,1,27.460561,89.64135,27.4766506425,89.6197167055
126,Langjophakha,105,Changzamtog MSS,4,27.460561,89.64135,27.4958974797,89.6413215052
127,Motithang,105,Changzamtog MSS,10,27.460561,89.64135,27.4766506425,89.6197167055
128,Namseyling,105,Changzamtog MSS,2,27.460561,89.64135,27.404257,89.6064
129,Olakha,105,Changzamtog MSS,57,27.460561,89.64135,27.4469707462,89.6587524835
130,Pamtsho,105,Changzamtog MSS,2,27.460561,89.64135,27.5107091633,89.6341291296
131,Ramtokto,105,Changzamtog MSS,1,27.460561,89.64135,27.416321,89.622819
132,RTC,105,Changzamtog MSS,5,27.460561,89.64135,27.4034984778,89.6566570452
133,Samtenling,105,Changzamtog MSS,7,27.460561,89.64135,27.50077888,89.6336932565
134,Serbithang,105,Changzamtog MSS,2,27.460561,89.64135,27.4202951523,89.6559116068
135,Simtokha,105,Changzamtog MSS,11,27.460561,89.64135,27.4344083978,89.6678739051
136,Taba,105,Changzamtog MSS,11,27.460561,89.64135,27.5129062519,89.6451777064
137,Tshalubar,105,Changzamtog MSS,1,27.460561,89.64135,27.4377037677,89.6555866401
138,Tshalumarphey,105,Changzamtog MSS,3,27.460561,89.64135,27.4377037677,89.6555866401
139,Yangchenphug,105,Changzamtog MSS,8,27.460561,89.64135,27.467397,89.6467373768
140,Yoselpang,105,Changzamtog MSS,8,27.460561,89.64135,27.462597,89.705355
141,Zilukha,105,Changzamtog MSS,3,27.460561,89.64135,27.4855720912,89.6302952398
142,Babesa,106,Dechencholing HSS,5,27.526811,89.644576,27.4291816677,89.6472096023
143,Begana,106,Dechencholing HSS,7,27.526811,89.644576,27.5718908596,89.6357002125
144,Changangkha,106,Dechencholing HSS,1,27.526811,89.644576,27.4724539904,89.6308464685
145,Chanjiji,106,Dechencholing HSS,2,27.526811,89.644576,27.4555043578,89.6529220173
146,Dechencholing,106,Dechencholing HSS,1085,27.526811,89.644576,27.5326052807,89.6425383727
147,Dzong,106,Dechencholing HSS,1,27.526811,89.644576,27.4883002592,89.635544727
148,Gidakom,106,Dechencholing HSS,1,27.526811,89.644576,27.404767,89.569741
149,Hejo,106,Dechencholing HSS,3,27.526811,89.644576,27.50077888,89.6336932565
150,Jungshina,106,Dechencholing HSS,6,27.526811,89.644576,27.5107091633,89.6341291296
151,Kabisa,106,Dechencholing HSS,84,27.526811,89.644576,27.5490698811,89.6542996104
152,Langjophakha,106,Dechencholing HSS,3,27.526811,89.644576,27.4958974797,89.6413215052
153,Motithang,106,Dechencholing HSS,1,27.526811,89.644576,27.4766506425,89.6197167055
154,Olakha,106,Dechencholing HSS,1,27.526811,89.644576,27.4469707462,89.6587524835
155,Pamtsho,106,Dechencholing HSS,17,27.526811,89.644576,27.5107091633,89.6341291296
156,Simtokha,106,Dechencholing HSS,2,27.526811,89.644576,27.4344083978,89.6678739051
157,Taba,106,Dechencholing HSS,103,27.526811,89.644576,27.5129062519,89.6451777064
158,Zilukha,106,Dechencholing HSS,2,27.526811,89.644576,27.4855720912,89.6302952398
159,Babesa,107,Deki PS,9,27.459145,89.645896,27.4291816677,89.6472096023
160,Changbangdu,107,Deki PS,12,27.459145,89.645896,27.4513917224,89.6472442834
161,Changgidaphu,107,Deki PS,2,27.459145,89.645896,27.4599353896,89.6333761155
162,Changjalu,107,Deki PS,3,27.459145,89.645896,27.4469707462,89.6587524835
163,Changzamtog,107,Deki PS,18,27.459145,89.645896,27.4611489703,89.641853715
164,Core,107,Deki PS,1,27.459145,89.645896,27.4733136477,89.6382533581
165,Debsi,107,Deki PS,1,27.459145,89.645896,27.4315666969,89.6403752994
166,Motithang,107,Deki PS,1,27.459145,89.645896,27.4766506425,89.6197167055
167,Olakha,107,Deki PS,6,27.459145,89.645896,27.4469707462,89.6587524835
168,Ramtokto,107,Deki PS,1,27.459145,89.645896,27.416321,89.622819
169,Simtokha,107,Deki PS,2,27.459145,89.645896,27.4344083978,89.6678739051
170,Taba,107,Deki PS,1,27.459145,89.645896,27.5129062519,89.6451777064
171,Zilukha,107,Deki PS,2,27.459145,89.645896,27.4855720912,89.6302952398
172,Babesa,108,Dr. Tobgyel MSS,209,27.431219,89.648438,27.4291816677,89.6472096023
173,Changangkha,108,Dr. Tobgyel MSS,7,27.431219,89.648438,27.4724539904,89.6308464685
174,Changbangdu,108,Dr. Tobgyel MSS,3,27.431219,89.648438,27.4513917224,89.6472442834
175,Changjalu,108,Dr. Tobgyel MSS,15,27.431219,89.648438,27.4469707462,89.6587524835
176,Changzamtog,108,Dr. Tobgyel MSS,4,27.431219,89.648438,27.4611489703,89.641853715
177,Chanjiji,108,Dr. Tobgyel MSS,8,27.431219,89.648438,27.4555043578,89.6529220173
178,Core,108,Dr. Tobgyel MSS,3,27.431219,89.648438,27.4733136477,89.6382533581
179,Debsi,108,Dr. Tobgyel MSS,34,27.431219,89.648438,27.4315666969,89.6403752994
180,Gangchey,108,Dr. Tobgyel MSS,6,27.431219,89.648438,27.4177850318,89.6418826587
181,Khasadrapchu,108,Dr. Tobgyel MSS,9,27.431219,89.648438,27.386985,89.584902
182,Langjophakha,108,Dr. Tobgyel MSS,1,27.431219,89.648438,27.4958974797,89.6413215052
183,Lubding,108,Dr. Tobgyel MSS,3,27.431219,89.648438,27.4497466283,89.6694540333
184,Motithang,108,Dr. Tobgyel MSS,10,27.431219,89.648438,27.4766506425,89.6197167055
185,Namseyling,108,Dr. Tobgyel MSS,8,27.431219,89.648438,27.404257,89.6064
186,Olakha,108,Dr. Tobgyel MSS,29,27.431219,89.648438,27.4469707462,89.6587524835
187,Pamtsho,108,Dr. Tobgyel MSS,1,27.431219,89.648438,27.5107091633,89.6341291296
188,Ramtokto,108,Dr. Tobgyel MSS,6,27.431219,89.648438,27.416321,89.622819
189,RTC,108,Dr. Tobgyel MSS,12,27.431219,89.648438,27.4034984778,89.6566570452
190,Samtenling,108,Dr. Tobgyel MSS,2,27.431219,89.648438,27.50077888,89.6336932565
191,Serbithang,108,Dr. Tobgyel MSS,11,27.431219,89.648438,27.4202951523,89.6559116068
192,Simtokha,108,Dr. Tobgyel MSS,21,27.431219,89.648438,27.4344083978,89.6678739051
193,Taba,108,Dr. Tobgyel MSS,1,27.431219,89.648438,27.5129062519,89.6451777064
194,Tshalubar,108,Dr. Tobgyel MSS,7,27.431219,89.648438,27.4377037677,89.6555866401
195,Tshalumarphey,108,Dr. Tobgyel MSS,13,27.431219,89.648438,27.4377037677,89.6555866401
196,Babesa,109,Druk HSS,8,27.460459,89.637772,27.4291816677,89.6472096023
197,Changangkha,109,Druk HSS,14,27.460459,89.637772,27.4724539904,89.6308464685
198,Changbangdu,109,Druk HSS,5,27.460459,89.637772,27.4513917224,89.6472442834
199,Changgidaphu,109,Druk HSS,16,27.460459,89.637772,27.4599353896,89.6333761155
200,Changjalu,109,Druk HSS,7,27.460459,89.637772,27.4469707462,89.6587524835
201,Changzamtog,109,Druk HSS,20,27.460459,89.637772,27.4611489703,89.641853715
202,Chanjiji,109,Druk HSS,3,27.460459,89.637772,27.4555043578,89.6529220173
203,Core,109,Druk HSS,10,27.460459,89.637772,27.4733136477,89.6382533581
204,Debsi,109,Druk HSS,5,27.460459,89.637772,27.4315666969,89.6403752994
205,Dechencholing,109,Druk HSS,3,27.460459,89.637772,27.5326052807,89.6425383727
206,Gangchey,109,Druk HSS,2,27.460459,89.637772,27.4177850318,89.6418826587
207,Hejo,109,Druk HSS,1,27.460459,89.637772,27.50077888,89.6336932565
208,Jungshina,109,Druk HSS,2,27.460459,89.637772,27.5107091633,89.6341291296
209,Kawangjangsa,109,Druk HSS,3,27.460459,89.637772,27.4855720912,89.6302952398
210,Kungacholing,109,Druk HSS,1,27.460459,89.637772,27.4766506425,89.6197167055
211,Langjophakha,109,Druk HSS,1,27.460459,89.637772,27.4958974797,89.6413215052
212,Motithang,109,Druk HSS,14,27.460459,89.637772,27.4766506425,89.6197167055
213,Namseyling,109,Druk HSS,1,27.460459,89.637772,27.404257,89.6064
214,Olakha,109,Druk HSS,3,27.460459,89.637772,27.4469707462,89.6587524835
215,Pamtsho,109,Druk HSS,2,27.460459,89.637772,27.5107091633,89.6341291296
216,RTC,109,Druk HSS,3,27.460459,89.637772,27.4034984778,89.6566570452
217,Samtenling,109,Druk HSS,4,27.460459,89.637772,27.50077888,89.6336932565
218,Serbithang,109,Druk HSS,2,27.460459,89.637772,27.4202951523,89.6559116068
219,Simtokha,109,Druk HSS,2,27.460459,89.637772,27.4344083978,89.6678739051
220,Taba,109,Druk HSS,6,27.460459,89.637772,27.5129062519,89.6451777064
221,Tshalumarphey,109,Druk HSS,5,27.460459,89.637772,27.4377037677,89.6555866401
222,Yangchenphug,109,Druk HSS,1,27.460459,89.637772,27.467397,89.6467373768
223,Zilukha,109,Druk HSS,1,27.460459,89.637772,27.4855720912,89.6302952398
224,Babesa,110,Early Learning Centre PS,2,27.478166,89.626891,27.4291816677,89.6472096023
225,Changangkha,110,Early Learning Centre PS,10,27.478166,89.626891,27.4724539904,89.6308464685
226,Changbangdu,110,Early Learning Centre PS,4,27.478166,89.626891,27.4513917224,89.6472442834
227,Changjalu,110,Early Learning Centre PS,1,27.478166,89.626891,27.4469707462,89.6587524835
228,Changzamtog,110,Early Learning Centre PS,2,27.478166,89.626891,27.4611489703,89.641853715
229,Core,110,Early Learning Centre PS,1,27.478166,89.626891,27.4733136477,89.6382533581
230,Debsi,110,Early Learning Centre PS,1,27.478166,89.626891,27.4315666969,89.6403752994
231,Dechencholing,110,Early Learning Centre PS,2,27.478166,89.626891,27.5326052807,89.6425383727
232,Hejo,110,Early Learning Centre PS,4,27.478166,89.626891,27.50077888,89.6336932565
233,Jungshina,110,Early Learning Centre PS,1,27.478166,89.626891,27.5107091633,89.6341291296
234,Kabisa,110,Early Learning Centre PS,1,27.478166,89.626891,27.5490698811,89.6542996104
235,Kawangjangsa,110,Early Learning Centre PS,1,27.478166,89.626891,27.4855720912,89.6302952398
236,Kungacholing,110,Early Learning Centre PS,1,27.478166,89.626891,27.4766506425,89.6197167055
237,Langjophakha,110,Early Learning Centre PS,1,27.478166,89.626891,27.4958974797,89.6413215052
238,Motithang,110,Early Learning Centre PS,14,27.478166,89.626891,27.4766506425,89.6197167055
239,Namseyling,110,Early Learning Centre PS,1,27.478166,89.626891,27.404257,89.6064
240,Pamtsho,110,Early Learning Centre PS,2,27.478166,89.626891,27.5107091633,89.6341291296
241,Simtokha,110,Early Learning Centre PS,2,27.478166,89.626891,27.4344083978,89.6678739051
242,Taba,110,Early Learning Centre PS,6,27.478166,89.626891,27.5129062519,89.6451777064
243,Yangchenphug,110,Early Learning Centre PS,3,27.478166,89.626891,27.467397,89.6467373768
244,Zilukha,110,Early Learning Centre PS,3,27.478166,89.626891,27.4855720912,89.6302952398
245,Babesa,111,Educating for Lifelong Citizenship High School,4,27.464768,89.651733,27.4291816677,89.6472096023
246,Changangkha,111,Educating for Lifelong Citizenship High School,3,27.464768,89.651733,27.4724539904,89.6308464685
247,Changgidaphu,111,Educating for Lifelong Citizenship High School,3,27.464768,89.651733,27.4599353896,89.6333761155
248,Changjalu,111,Educating for Lifelong Citizenship High School,2,27.464768,89.651733,27.4469707462,89.6587524835
249,Changzamtog,111,Educating for Lifelong Citizenship High School,3,27.464768,89.651733,27.4611489703,89.641853715
250,Core,111,Educating for Lifelong Citizenship High School,3,27.464768,89.651733,27.4733136477,89.6382533581
251,Kawangjangsa,111,Educating for Lifelong Citizenship High School,2,27.464768,89.651733,27.4855720912,89.6302952398
252,Khasadrapchu,111,Educating for Lifelong Citizenship High School,1,27.464768,89.651733,27.386985,89.584902
253,Langjophakha,111,Educating for Lifelong Citizenship High School,1,27.464768,89.651733,27.4958974797,89.6413215052
254,Motithang,111,Educating for Lifelong Citizenship High School,10,27.464768,89.651733,27.4766506425,89.6197167055
255,Olakha,111,Educating for Lifelong Citizenship High School,1,27.464768,89.651733,27.4469707462,89.6587524835
256,Pamtsho,111,Educating for Lifelong Citizenship High School,1,27.464768,89.651733,27.5107091633,89.6341291296
257,Taba,111,Educating for Lifelong Citizenship High School,3,27.464768,89.651733,27.5129062519,89.6451777064
258,Tshalumarphey,111,Educating for Lifelong Citizenship High School,1,27.464768,89.651733,27.4377037677,89.6555866401
259,Yangchenphug,111,Educating for Lifelong Citizenship High School,1,27.464768,89.651733,27.467397,89.6467373768
260,Zilukha,111,Educating for Lifelong Citizenship High School,1,27.464768,89.651733,27.4855720912,89.6302952398
261,Babesa,112,Etho Metho PS,5,27.467893,89.636448,27.4291816677,89.6472096023
262,Changangkha,112,Etho Metho PS,22,27.467893,89.636448,27.4724539904,89.6308464685
263,Changbangdu,112,Etho Metho PS,4,27.467893,89.636448,27.4513917224,89.6472442834
264,Changgidaphu,112,Etho Metho PS,6,27.467893,89.636448,27.4599353896,89.6333761155
265,Changjalu,112,Etho Metho PS,13,27.467893,89.636448,27.4469707462,89.6587524835
266,Changzamtog,112,Etho Metho PS,19,27.467893,89.636448,27.4611489703,89.641853715
267,Chanjiji,112,Etho Metho PS,9,27.467893,89.636448,27.4555043578,89.6529220173
268,Core,112,Etho Metho PS,23,27.467893,89.636448,27.4733136477,89.6382533581
269,Dechencholing,112,Etho Metho PS,3,27.467893,89.636448,27.5326052807,89.6425383727
270,Gangchey,112,Etho Metho PS,1,27.467893,89.636448,27.4177850318,89.6418826587
271,Hejo,112,Etho Metho PS,7,27.467893,89.636448,27.50077888,89.6336932565
272,Jungshina,112,Etho Metho PS,5,27.467893,89.636448,27.5107091633,89.6341291296
273,Kabisa,112,Etho Metho PS,2,27.467893,89.636448,27.5490698811,89.6542996104
274,Kawangjangsa,112,Etho Metho PS,1,27.467893,89.636448,27.4855720912,89.6302952398
275,Langjophakha,112,Etho Metho PS,5,27.467893,89.636448,27.4958974797,89.6413215052
276,Motithang,112,Etho Metho PS,3,27.467893,89.636448,27.4766506425,89.6197167055
277,Namseyling,112,Etho Metho PS,1,27.467893,89.636448,27.404257,89.6064
278,Olakha,112,Etho Metho PS,5,27.467893,89.636448,27.4469707462,89.6587524835
279,Pamtsho,112,Etho Metho PS,1,27.467893,89.636448,27.5107091633,89.6341291296
280,RTC,112,Etho Metho PS,2,27.467893,89.636448,27.4034984778,89.6566570452
281,Simtokha,112,Etho Metho PS,4,27.467893,89.636448,27.4344083978,89.6678739051
282,Taba,112,Etho Metho PS,8,27.467893,89.636448,27.5129062519,89.6451777064
283,Yangchenphug,112,Etho Metho PS,9,27.467893,89.636448,27.467397,89.6467373768
284,Zilukha,112,Etho Metho PS,2,27.467893,89.636448,27.4855720912,89.6302952398
285,Babesa,113,Jigme Losel PS,43,27.477071,89.638968,27.4291816677,89.6472096023
286,Begana,113,Jigme Losel PS,23,27.477071,89.638968,27.5718908596,89.6357002125
287,Changangkha,113,Jigme Losel PS,23,27.477071,89.638968,27.4724539904,89.6308464685
288,Changbangdu,113,Jigme Losel PS,23,27.477071,89.638968,27.4513917224,89.6472442834
289,Changgidaphu,113,Jigme Losel PS,16,27.477071,89.638968,27.4599353896,89.6333761155
290,Changjalu,113,Jigme Losel PS,34,27.477071,89.638968,27.4469707462,89.6587524835
291,Changzamtog,113,Jigme Losel PS,55,27.477071,89.638968,27.4611489703,89.641853715
292,Chanjiji,113,Jigme Losel PS,25,27.477071,89.638968,27.4555043578,89.6529220173
293,Core,113,Jigme Losel PS,206,27.477071,89.638968,27.4733136477,89.6382533581
294,Debsi,113,Jigme Losel PS,5,27.477071,89.638968,27.4315666969,89.6403752994
295,Dechencholing,113,Jigme Losel PS,18,27.477071,89.638968,27.5326052807,89.6425383727
296,Dzong,113,Jigme Losel PS,4,27.477071,89.638968,27.4883002592,89.635544727
297,Gangchey,113,Jigme Losel PS,1,27.477071,89.638968,27.4177850318,89.6418826587
298,Hejo,113,Jigme Losel PS,21,27.477071,89.638968,27.50077888,89.6336932565
299,Hongtsho,113,Jigme Losel PS,1,27.477071,89.638968,27.485941,89.724004
300,Jungshina,113,Jigme Losel PS,48,27.477071,89.638968,27.5107091633,89.6341291296
301,Kabisa,113,Jigme Losel PS,9,27.477071,89.638968,27.5490698811,89.6542996104
302,Kawangjangsa,113,Jigme Losel PS,13,27.477071,89.638968,27.4855720912,89.6302952398
303,Khasadrapchu,113,Jigme Losel PS,1,27.477071,89.638968,27.386985,89.584902
304,Langjophakha,113,Jigme Losel PS,79,27.477071,89.638968,27.4958974797,89.6413215052
305,Lubding,113,Jigme Losel PS,3,27.477071,89.638968,27.4497466283,89.6694540333
306,Motithang,113,Jigme Losel PS,22,27.477071,89.638968,27.4766506425,89.6197167055
307,Olakha,113,Jigme Losel PS,46,27.477071,89.638968,27.4469707462,89.6587524835
308,Pamtsho,113,Jigme Losel PS,18,27.477071,89.638968,27.5107091633,89.6341291296
309,Ramtokto,113,Jigme Losel PS,1,27.477071,89.638968,27.416321,89.622819
310,RTC,113,Jigme Losel PS,2,27.477071,89.638968,27.4034984778,89.6566570452
311,Samtenling,113,Jigme Losel PS,34,27.477071,89.638968,27.50077888,89.6336932565
312,Serbithang,113,Jigme Losel PS,2,27.477071,89.638968,27.4202951523,89.6559116068
313,Simtokha,113,Jigme Losel PS,36,27.477071,89.638968,27.4344083978,89.6678739051
314,Taba,113,Jigme Losel PS,74,27.477071,89.638968,27.5129062519,89.6451777064
315,Tshalubar,113,Jigme Losel PS,2,27.477071,89.638968,27.4377037677,89.6555866401
316,Tshalumarphey,113,Jigme Losel PS,3,27.477071,89.638968,27.4377037677,89.6555866401
317,Yangchenphug,113,Jigme Losel PS,47,27.477071,89.638968,27.467397,89.6467373768
318,Yoselpang,113,Jigme Losel PS,2,27.477071,89.638968,27.462597,89.705355
319,Zilukha,113,Jigme Losel PS,17,27.477071,89.638968,27.4855720912,89.6302952398
320,Babesa,114,Jigme Namgyel LSS,14,27.476819,89.623233,27.4291816677,89.6472096023
321,Begana,114,Jigme Namgyel LSS,6,27.476819,89.623233,27.5718908596,89.6357002125
322,Changangkha,114,Jigme Namgyel LSS,105,27.476819,89.623233,27.4724539904,89.6308464685
323,Changbangdu,114,Jigme Namgyel LSS,3,27.476819,89.623233,27.4513917224,89.6472442834
324,Changgidaphu,114,Jigme Namgyel LSS,9,27.476819,89.623233,27.4599353896,89.6333761155
325,Changjalu,114,Jigme Namgyel LSS,12,27.476819,89.623233,27.4469707462,89.6587524835
326,Changzamtog,114,Jigme Namgyel LSS,10,27.476819,89.623233,27.4611489703,89.641853715
327,Chanjiji,114,Jigme Namgyel LSS,18,27.476819,89.623233,27.4555043578,89.6529220173
328,Core,114,Jigme Namgyel LSS,13,27.476819,89.623233,27.4733136477,89.6382533581
329,Debsi,114,Jigme Namgyel LSS,5,27.476819,89.623233,27.4315666969,89.6403752994
330,Dechencholing,114,Jigme Namgyel LSS,17,27.476819,89.623233,27.5326052807,89.6425383727
331,Dzong,114,Jigme Namgyel LSS,2,27.476819,89.623233,27.4883002592,89.635544727
332,Hejo,114,Jigme Namgyel LSS,7,27.476819,89.623233,27.50077888,89.6336932565
333,Jungshina,114,Jigme Namgyel LSS,20,27.476819,89.623233,27.5107091633,89.6341291296
334,Kabisa,114,Jigme Namgyel LSS,9,27.476819,89.623233,27.5490698811,89.6542996104
335,Kawangjangsa,114,Jigme Namgyel LSS,29,27.476819,89.623233,27.4855720912,89.6302952398
336,Kungacholing,114,Jigme Namgyel LSS,75,27.476819,89.623233,27.4766506425,89.6197167055
337,Langjophakha,114,Jigme Namgyel LSS,9,27.476819,89.623233,27.4958974797,89.6413215052
338,Motithang,114,Jigme Namgyel LSS,568,27.476819,89.623233,27.4766506425,89.6197167055
339,Namseyling,114,Jigme Namgyel LSS,2,27.476819,89.623233,27.404257,89.6064
340,Olakha,114,Jigme Namgyel LSS,5,27.476819,89.623233,27.4469707462,89.6587524835
341,Pamtsho,114,Jigme Namgyel LSS,14,27.476819,89.623233,27.5107091633,89.6341291296
342,Ramtokto,114,Jigme Namgyel LSS,1,27.476819,89.623233,27.416321,89.622819
343,Samtenling,114,Jigme Namgyel LSS,7,27.476819,89.623233,27.50077888,89.6336932565
344,Simtokha,114,Jigme Namgyel LSS,9,27.476819,89.623233,27.4344083978,89.6678739051
345,Taba,114,Jigme Namgyel LSS,13,27.476819,89.623233,27.5129062519,89.6451777064
346,Yangchenphug,114,Jigme Namgyel LSS,4,27.476819,89.623233,27.467397,89.6467373768
347,Zilukha,114,Jigme Namgyel LSS,11,27.476819,89.623233,27.4855720912,89.6302952398
348,Begana,115,Jungshina PS,2,27.505352,89.633483,27.5718908596,89.6357002125
349,Changzamtog,115,Jungshina PS,3,27.505352,89.633483,27.4611489703,89.641853715
350,Chanjiji,115,Jungshina PS,1,27.505352,89.633483,27.4555043578,89.6529220173
351,Dechencholing,115,Jungshina PS,11,27.505352,89.633483,27.5326052807,89.6425383727
352,Hejo,115,Jungshina PS,29,27.505352,89.633483,27.50077888,89.6336932565
353,Jungshina,115,Jungshina PS,258,27.505352,89.633483,27.5107091633,89.6341291296
354,Kabisa,115,Jungshina PS,2,27.505352,89.633483,27.5490698811,89.6542996104
355,Kawangjangsa,115,Jungshina PS,2,27.505352,89.633483,27.4855720912,89.6302952398
356,Langjophakha,115,Jungshina PS,7,27.505352,89.633483,27.4958974797,89.6413215052
357,Motithang,115,Jungshina PS,1,27.505352,89.633483,27.4766506425,89.6197167055
358,Olakha,115,Jungshina PS,2,27.505352,89.633483,27.4469707462,89.6587524835
359,Pamtsho,115,Jungshina PS,79,27.505352,89.633483,27.5107091633,89.6341291296
360,Samtenling,115,Jungshina PS,47,27.505352,89.633483,27.50077888,89.6336932565
361,Simtokha,115,Jungshina PS,1,27.505352,89.633483,27.4344083978,89.6678739051
362,Taba,115,Jungshina PS,12,27.505352,89.633483,27.5129062519,89.6451777064
363,Babesa,116,Kelki HSS,4,27.470556,89.634868,27.4291816677,89.6472096023
364,Bjemina,116,Kelki HSS,3,27.470556,89.634868,27.402968,89.570704
365,Changangkha,116,Kelki HSS,14,27.470556,89.634868,27.4724539904,89.6308464685
366,Changbangdu,116,Kelki HSS,7,27.470556,89.634868,27.4513917224,89.6472442834
367,Changgidaphu,116,Kelki HSS,11,27.470556,89.634868,27.4599353896,89.6333761155
368,Changjalu,116,Kelki HSS,2,27.470556,89.634868,27.4469707462,89.6587524835
369,Changzamtog,116,Kelki HSS,29,27.470556,89.634868,27.4611489703,89.641853715
370,Chanjiji,116,Kelki HSS,15,27.470556,89.634868,27.4555043578,89.6529220173
371,Core,116,Kelki HSS,12,27.470556,89.634868,27.4733136477,89.6382533581
372,Debsi,116,Kelki HSS,1,27.470556,89.634868,27.4315666969,89.6403752994
373,Dechencholing,116,Kelki HSS,7,27.470556,89.634868,27.5326052807,89.6425383727
374,Dzong,116,Kelki HSS,1,27.470556,89.634868,27.4883002592,89.635544727
375,Hejo,116,Kelki HSS,7,27.470556,89.634868,27.50077888,89.6336932565
376,Jungshina,116,Kelki HSS,12,27.470556,89.634868,27.5107091633,89.6341291296
377,Kabisa,116,Kelki HSS,3,27.470556,89.634868,27.5490698811,89.6542996104
378,Khasadrapchu,116,Kelki HSS,1,27.470556,89.634868,27.386985,89.584902
379,Kungacholing,116,Kelki HSS,1,27.470556,89.634868,27.4766506425,89.6197167055
380,Langjophakha,116,Kelki HSS,7,27.470556,89.634868,27.4958974797,89.6413215052
381,Motithang,116,Kelki HSS,27,27.470556,89.634868,27.4766506425,89.6197167055
382,Namseyling,116,Kelki HSS,1,27.470556,89.634868,27.404257,89.6064
383,Olakha,116,Kelki HSS,8,27.470556,89.634868,27.4469707462,89.6587524835
384,Pamtsho,116,Kelki HSS,6,27.470556,89.634868,27.5107091633,89.6341291296
385,Samtenling,116,Kelki HSS,3,27.470556,89.634868,27.50077888,89.6336932565
386,Simtokha,116,Kelki HSS,4,27.470556,89.634868,27.4344083978,89.6678739051
387,Taba,116,Kelki HSS,3,27.470556,89.634868,27.5129062519,89.6451777064
388,Tshalumarphey,116,Kelki HSS,1,27.470556,89.634868,27.4377037677,89.6555866401
389,Zilukha,116,Kelki HSS,8,27.470556,89.634868,27.4855720912,89.6302952398
390,Babesa,117,Kuenselphodrang PS,4,27.450335,89.646965,27.4291816677,89.6472096023
391,Changangkha,117,Kuenselphodrang PS,5,27.450335,89.646965,27.4724539904,89.6308464685
392,Changbangdu,117,Kuenselphodrang PS,58,27.450335,89.646965,27.4513917224,89.6472442834
393,Changgidaphu,117,Kuenselphodrang PS,11,27.450335,89.646965,27.4599353896,89.6333761155
394,Changjalu,117,Kuenselphodrang PS,8,27.450335,89.646965,27.4469707462,89.6587524835
395,Changzamtog,117,Kuenselphodrang PS,19,27.450335,89.646965,27.4611489703,89.641853715
396,Chanjiji,117,Kuenselphodrang PS,3,27.450335,89.646965,27.4555043578,89.6529220173
397,Core,117,Kuenselphodrang PS,1,27.450335,89.646965,27.4733136477,89.6382533581
398,Debsi,117,Kuenselphodrang PS,2,27.450335,89.646965,27.4315666969,89.6403752994
399,Jungshina,117,Kuenselphodrang PS,1,27.450335,89.646965,27.5107091633,89.6341291296
400,Olakha,117,Kuenselphodrang PS,5,27.450335,89.646965,27.4469707462,89.6587524835
401,Taba,117,Kuenselphodrang PS,1,27.450335,89.646965,27.5129062519,89.6451777064
402,Changangkha,118,Little Dragon PS,1,27.482005,89.629945,27.4724539904,89.6308464685
403,Changbangdu,118,Little Dragon PS,2,27.482005,89.629945,27.4513917224,89.6472442834
404,Changjalu,118,Little Dragon PS,1,27.482005,89.629945,27.4469707462,89.6587524835
405,Changzamtog,118,Little Dragon PS,1,27.482005,89.629945,27.4611489703,89.641853715
406,Chanjiji,118,Little Dragon PS,1,27.482005,89.629945,27.4555043578,89.6529220173
407,Core,118,Little Dragon PS,4,27.482005,89.629945,27.4733136477,89.6382533581
408,Dechencholing,118,Little Dragon PS,3,27.482005,89.629945,27.5326052807,89.6425383727
409,Hejo,118,Little Dragon PS,2,27.482005,89.629945,27.50077888,89.6336932565
410,Kawangjangsa,118,Little Dragon PS,1,27.482005,89.629945,27.4855720912,89.6302952398
411,Langjophakha,118,Little Dragon PS,1,27.482005,89.629945,27.4958974797,89.6413215052
412,Motithang,118,Little Dragon PS,3,27.482005,89.629945,27.4766506425,89.6197167055
413,Namseyling,118,Little Dragon PS,4,27.482005,89.629945,27.404257,89.6064
414,Pamtsho,118,Little Dragon PS,1,27.482005,89.629945,27.5107091633,89.6341291296
415,Samtenling,118,Little Dragon PS,1,27.482005,89.629945,27.50077888,89.6336932565
416,Simtokha,118,Little Dragon PS,2,27.482005,89.629945,27.4344083978,89.6678739051
417,Taba,118,Little Dragon PS,5,27.482005,89.629945,27.5129062519,89.6451777064
418,Yangchenphug,118,Little Dragon PS,1,27.482005,89.629945,27.467397,89.6467373768
419,Babesa,119,Loselling MSS,70,27.457312,89.650652,27.4291816677,89.6472096023
420,Changangkha,119,Loselling MSS,7,27.457312,89.650652,27.4724539904,89.6308464685
421,Changbangdu,119,Loselling MSS,73,27.457312,89.650652,27.4513917224,89.6472442834
422,Changgidaphu,119,Loselling MSS,3,27.457312,89.650652,27.4599353896,89.6333761155
423,Changjalu,119,Loselling MSS,55,27.457312,89.650652,27.4469707462,89.6587524835
424,Changzamtog,119,Loselling MSS,67,27.457312,89.650652,27.4611489703,89.641853715
425,Chanjiji,119,Loselling MSS,559,27.457312,89.650652,27.4555043578,89.6529220173
426,Core,119,Loselling MSS,9,27.457312,89.650652,27.4733136477,89.6382533581
427,Debsi,119,Loselling MSS,10,27.457312,89.650652,27.4315666969,89.6403752994
428,Dechencholing,119,Loselling MSS,2,27.457312,89.650652,27.5326052807,89.6425383727
429,Hejo,119,Loselling MSS,1,27.457312,89.650652,27.50077888,89.6336932565
430,Hongtsho,119,Loselling MSS,2,27.457312,89.650652,27.485941,89.724004
431,Kawangjangsa,119,Loselling MSS,1,27.457312,89.650652,27.4855720912,89.6302952398
432,Langjophakha,119,Loselling MSS,4,27.457312,89.650652,27.4958974797,89.6413215052
433,Lubding,119,Loselling MSS,1,27.457312,89.650652,27.4497466283,89.6694540333
434,Motithang,119,Loselling MSS,1,27.457312,89.650652,27.4766506425,89.6197167055
435,Namseyling,119,Loselling MSS,3,27.457312,89.650652,27.404257,89.6064
436,Olakha,119,Loselling MSS,126,27.457312,89.650652,27.4469707462,89.6587524835
437,RTC,119,Loselling MSS,2,27.457312,89.650652,27.4034984778,89.6566570452
438,Samtenling,119,Loselling MSS,3,27.457312,89.650652,27.50077888,89.6336932565
439,Serbithang,119,Loselling MSS,2,27.457312,89.650652,27.4202951523,89.6559116068
440,Simtokha,119,Loselling MSS,36,27.457312,89.650652,27.4344083978,89.6678739051
441,Taba,119,Loselling MSS,2,27.457312,89.650652,27.5129062519,89.6451777064
442,Tshalubar,119,Loselling MSS,1,27.457312,89.650652,27.4377037677,89.6555866401
443,Tshalumarphey,119,Loselling MSS,2,27.457312,89.650652,27.4377037677,89.6555866401
444,Yangchenphug,119,Loselling MSS,9,27.457312,89.650652,27.467397,89.6467373768
445,Yoselpang,119,Loselling MSS,2,27.457312,89.650652,27.462597,89.705355
446,Zilukha,119,Loselling MSS,1,27.457312,89.650652,27.4855720912,89.6302952398
447,Babesa,120,Lungtenphu MSS,33,27.457636,89.665718,27.4291816677,89.6472096023
448,Changangkha,120,Lungtenphu MSS,2,27.457636,89.665718,27.4724539904,89.6308464685
449,Changbangdu,120,Lungtenphu MSS,11,27.457636,89.665718,27.4513917224,89.6472442834
450,Changgidaphu,120,Lungtenphu MSS,2,27.457636,89.665718,27.4599353896,89.6333761155
451,Changjalu,120,Lungtenphu MSS,125,27.457636,89.665718,27.4469707462,89.6587524835
452,Changzamtog,120,Lungtenphu MSS,9,27.457636,89.665718,27.4611489703,89.641853715
453,Chanjiji,120,Lungtenphu MSS,51,27.457636,89.665718,27.4555043578,89.6529220173
454,Core,120,Lungtenphu MSS,8,27.457636,89.665718,27.4733136477,89.6382533581
455,Debsi,120,Lungtenphu MSS,4,27.457636,89.665718,27.4315666969,89.6403752994
456,Dechencholing,120,Lungtenphu MSS,3,27.457636,89.665718,27.5326052807,89.6425383727
457,Gangchey,120,Lungtenphu MSS,2,27.457636,89.665718,27.4177850318,89.6418826587
458,Hongtsho,120,Lungtenphu MSS,1,27.457636,89.665718,27.485941,89.724004
459,Jungshina,120,Lungtenphu MSS,1,27.457636,89.665718,27.5107091633,89.6341291296
460,Khasadrapchu,120,Lungtenphu MSS,2,27.457636,89.665718,27.386985,89.584902
461,Langjophakha,120,Lungtenphu MSS,1,27.457636,89.665718,27.4958974797,89.6413215052
462,Lubding,120,Lungtenphu MSS,26,27.457636,89.665718,27.4497466283,89.6694540333
463,Motithang,120,Lungtenphu MSS,1,27.457636,89.665718,27.4766506425,89.6197167055
464,Namseyling,120,Lungtenphu MSS,4,27.457636,89.665718,27.404257,89.6064
465,Olakha,120,Lungtenphu MSS,91,27.457636,89.665718,27.4469707462,89.6587524835
466,RTC,120,Lungtenphu MSS,2,27.457636,89.665718,27.4034984778,89.6566570452
467,Serbithang,120,Lungtenphu MSS,4,27.457636,89.665718,27.4202951523,89.6559116068
468,Simtokha,120,Lungtenphu MSS,41,27.457636,89.665718,27.4344083978,89.6678739051
469,Taba,120,Lungtenphu MSS,4,27.457636,89.665718,27.5129062519,89.6451777064
470,Tshalumarphey,120,Lungtenphu MSS,1,27.457636,89.665718,27.4377037677,89.6555866401
471,Yangchenphug,120,Lungtenphu MSS,8,27.457636,89.665718,27.467397,89.6467373768
472,Yoselpang,120,Lungtenphu MSS,1,27.457636,89.665718,27.462597,89.705355
473,Zilukha,120,Lungtenphu MSS,2,27.457636,89.665718,27.4855720912,89.6302952398
474,Babesa,121,Lungtenzampa MSS,117,27.468516,89.64431,27.4291816677,89.6472096023
475,Begana,121,Lungtenzampa MSS,6,27.468516,89.64431,27.5718908596,89.6357002125
476,Changangkha,121,Lungtenzampa MSS,79,27.468516,89.64431,27.4724539904,89.6308464685
477,Changbangdu,121,Lungtenzampa MSS,73,27.468516,89.64431,27.4513917224,89.6472442834
478,Changgidaphu,121,Lungtenzampa MSS,49,27.468516,89.64431,27.4599353896,89.6333761155
479,Changjalu,121,Lungtenzampa MSS,55,27.468516,89.64431,27.4469707462,89.6587524835
480,Changzamtog,121,Lungtenzampa MSS,121,27.468516,89.64431,27.4611489703,89.641853715
481,Chanjiji,121,Lungtenzampa MSS,86,27.468516,89.64431,27.4555043578,89.6529220173
482,Core,121,Lungtenzampa MSS,100,27.468516,89.64431,27.4733136477,89.6382533581
483,Debsi,121,Lungtenzampa MSS,22,27.468516,89.64431,27.4315666969,89.6403752994
484,Dechencholing,121,Lungtenzampa MSS,24,27.468516,89.64431,27.5326052807,89.6425383727
485,Dzong,121,Lungtenzampa MSS,3,27.468516,89.64431,27.4883002592,89.635544727
486,Gangchey,121,Lungtenzampa MSS,3,27.468516,89.64431,27.4177850318,89.6418826587
487,Hejo,121,Lungtenzampa MSS,21,27.468516,89.64431,27.50077888,89.6336932565
488,Hongtsho,121,Lungtenzampa MSS,2,27.468516,89.64431,27.485941,89.724004
489,Jungshina,121,Lungtenzampa MSS,47,27.468516,89.64431,27.5107091633,89.6341291296
490,Kabisa,121,Lungtenzampa MSS,15,27.468516,89.64431,27.5490698811,89.6542996104
491,Kawangjangsa,121,Lungtenzampa MSS,23,27.468516,89.64431,27.4855720912,89.6302952398
492,Khasadrapchu,121,Lungtenzampa MSS,1,27.468516,89.64431,27.386985,89.584902
493,Kungacholing,121,Lungtenzampa MSS,1,27.468516,89.64431,27.4766506425,89.6197167055
494,Langjophakha,121,Lungtenzampa MSS,55,27.468516,89.64431,27.4958974797,89.6413215052
495,Lubding,121,Lungtenzampa MSS,9,27.468516,89.64431,27.4497466283,89.6694540333
496,Motithang,121,Lungtenzampa MSS,48,27.468516,89.64431,27.4766506425,89.6197167055
497,Namseyling,121,Lungtenzampa MSS,9,27.468516,89.64431,27.404257,89.6064
498,Olakha,121,Lungtenzampa MSS,121,27.468516,89.64431,27.4469707462,89.6587524835
499,Pamtsho,121,Lungtenzampa MSS,35,27.468516,89.64431,27.5107091633,89.6341291296
500,Ramtokto,121,Lungtenzampa MSS,2,27.468516,89.64431,27.416321,89.622819
501,RTC,121,Lungtenzampa MSS,9,27.468516,89.64431,27.4034984778,89.6566570452
502,Samtenling,121,Lungtenzampa MSS,18,27.468516,89.64431,27.50077888,89.6336932565
503,Serbithang,121,Lungtenzampa MSS,5,27.468516,89.64431,27.4202951523,89.6559116068
504,Simtokha,121,Lungtenzampa MSS,39,27.468516,89.64431,27.4344083978,89.6678739051
505,Taba,121,Lungtenzampa MSS,62,27.468516,89.64431,27.5129062519,89.6451777064
506,Tshalubar,121,Lungtenzampa MSS,4,27.468516,89.64431,27.4377037677,89.6555866401
507,Tshalumarphey,121,Lungtenzampa MSS,7,27.468516,89.64431,27.4377037677,89.6555866401
508,Yangchenphug,121,Lungtenzampa MSS,65,27.468516,89.64431,27.467397,89.6467373768
509,Yoselpang,121,Lungtenzampa MSS,7,27.468516,89.64431,27.462597,89.705355
510,Zilukha,121,Lungtenzampa MSS,10,27.468516,89.64431,27.4855720912,89.6302952398
511,Babesa,122,Motithang HSS,49,27.475108,89.62286,27.4291816677,89.6472096023
512,Begana,122,Motithang HSS,14,27.475108,89.62286,27.5718908596,89.6357002125
513,Bjemina,122,Motithang HSS,3,27.475108,89.62286,27.402968,89.570704
514,Changangkha,122,Motithang HSS,183,27.475108,89.62286,27.4724539904,89.6308464685
515,Changbangdu,122,Motithang HSS,34,27.475108,89.62286,27.4513917224,89.6472442834
516,Changgidaphu,122,Motithang HSS,59,27.475108,89.62286,27.4599353896,89.6333761155
517,Changjalu,122,Motithang HSS,28,27.475108,89.62286,27.4469707462,89.6587524835
518,Changzamtog,122,Motithang HSS,122,27.475108,89.62286,27.4611489703,89.641853715
519,Chanjiji,122,Motithang HSS,53,27.475108,89.62286,27.4555043578,89.6529220173
520,Core,122,Motithang HSS,47,27.475108,89.62286,27.4733136477,89.6382533581
521,Debsi,122,Motithang HSS,8,27.475108,89.62286,27.4315666969,89.6403752994
522,Dechencholing,122,Motithang HSS,30,27.475108,89.62286,27.5326052807,89.6425383727
523,Gidakom,122,Motithang HSS,3,27.475108,89.62286,27.404767,89.569741
524,Hejo,122,Motithang HSS,41,27.475108,89.62286,27.50077888,89.6336932565
525,Hongtsho,122,Motithang HSS,1,27.475108,89.62286,27.485941,89.724004
526,Jungshina,122,Motithang HSS,69,27.475108,89.62286,27.5107091633,89.6341291296
527,Kabisa,122,Motithang HSS,17,27.475108,89.62286,27.5490698811,89.6542996104
528,Kawangjangsa,122,Motithang HSS,47,27.475108,89.62286,27.4855720912,89.6302952398
529,Khasadrapchu,122,Motithang HSS,3,27.475108,89.62286,27.386985,89.584902
530,Kungacholing,122,Motithang HSS,41,27.475108,89.62286,27.4766506425,89.6197167055
531,Langjophakha,122,Motithang HSS,31,27.475108,89.62286,27.4958974797,89.6413215052
532,Lubding,122,Motithang HSS,6,27.475108,89.62286,27.4497466283,89.6694540333
533,Motithang,122,Motithang HSS,379,27.475108,89.62286,27.4766506425,89.6197167055
534,Namseyling,122,Motithang HSS,2,27.475108,89.62286,27.404257,89.6064
535,Olakha,122,Motithang HSS,23,27.475108,89.62286,27.4469707462,89.6587524835
536,Pamtsho,122,Motithang HSS,33,27.475108,89.62286,27.5107091633,89.6341291296
537,Ramtokto,122,Motithang HSS,1,27.475108,89.62286,27.416321,89.622819
538,RTC,122,Motithang HSS,1,27.475108,89.62286,27.4034984778,89.6566570452
539,Samtenling,122,Motithang HSS,31,27.475108,89.62286,27.50077888,89.6336932565
540,Serbithang,122,Motithang HSS,5,27.475108,89.62286,27.4202951523,89.6559116068
541,Simtokha,122,Motithang HSS,20,27.475108,89.62286,27.4344083978,89.6678739051
542,Taba,122,Motithang HSS,47,27.475108,89.62286,27.5129062519,89.6451777064
543,Tshalubar,122,Motithang HSS,1,27.475108,89.62286,27.4377037677,89.6555866401
544,Yangchenphug,122,Motithang HSS,8,27.475108,89.62286,27.467397,89.6467373768
545,Yoselpang,122,Motithang HSS,2,27.475108,89.62286,27.462597,89.705355
546,Zilukha,122,Motithang HSS,26,27.475108,89.62286,27.4855720912,89.6302952398
547,Babesa,123,Nima HSS,15,27.515495,89.641728,27.4291816677,89.6472096023
548,Begana,123,Nima HSS,4,27.515495,89.641728,27.5718908596,89.6357002125
549,Bjemina,123,Nima HSS,1,27.515495,89.641728,27.402968,89.570704
550,Changangkha,123,Nima HSS,8,27.515495,89.641728,27.4724539904,89.6308464685
551,Changbangdu,123,Nima HSS,5,27.515495,89.641728,27.4513917224,89.6472442834
552,Changgidaphu,123,Nima HSS,4,27.515495,89.641728,27.4599353896,89.6333761155
553,Changjalu,123,Nima HSS,7,27.515495,89.641728,27.4469707462,89.6587524835
554,Changzamtog,123,Nima HSS,29,27.515495,89.641728,27.4611489703,89.641853715
555,Chanjiji,123,Nima HSS,8,27.515495,89.641728,27.4555043578,89.6529220173
556,Core,123,Nima HSS,4,27.515495,89.641728,27.4733136477,89.6382533581
557,Debsi,123,Nima HSS,4,27.515495,89.641728,27.4315666969,89.6403752994
558,Dechencholing,123,Nima HSS,73,27.515495,89.641728,27.5326052807,89.6425383727
559,Hejo,123,Nima HSS,5,27.515495,89.641728,27.50077888,89.6336932565
560,Jungshina,123,Nima HSS,17,27.515495,89.641728,27.5107091633,89.6341291296
561,Kabisa,123,Nima HSS,17,27.515495,89.641728,27.5490698811,89.6542996104
562,Kawangjangsa,123,Nima HSS,2,27.515495,89.641728,27.4855720912,89.6302952398
563,Khasadrapchu,123,Nima HSS,3,27.515495,89.641728,27.386985,89.584902
564,Kungacholing,123,Nima HSS,1,27.515495,89.641728,27.4766506425,89.6197167055
565,Langjophakha,123,Nima HSS,10,27.515495,89.641728,27.4958974797,89.6413215052
566,Lubding,123,Nima HSS,1,27.515495,89.641728,27.4497466283,89.6694540333
567,Motithang,123,Nima HSS,7,27.515495,89.641728,27.4766506425,89.6197167055
568,Olakha,123,Nima HSS,12,27.515495,89.641728,27.4469707462,89.6587524835
569,Pamtsho,123,Nima HSS,11,27.515495,89.641728,27.5107091633,89.6341291296
570,Samtenling,123,Nima HSS,9,27.515495,89.641728,27.50077888,89.6336932565
571,Simtokha,123,Nima HSS,3,27.515495,89.641728,27.4344083978,89.6678739051
572,Taba,123,Nima HSS,86,27.515495,89.641728,27.5129062519,89.6451777064
573,Yangchenphug,123,Nima HSS,2,27.515495,89.641728,27.467397,89.6467373768
574,Zilukha,123,Nima HSS,5,27.515495,89.641728,27.4855720912,89.6302952398
575,Babesa,124,Pelkhil HSS,64,27.446639,89.658061,27.4291816677,89.6472096023
576,Bjemina,124,Pelkhil HSS,7,27.446639,89.658061,27.402968,89.570704
577,Changangkha,124,Pelkhil HSS,6,27.446639,89.658061,27.4724539904,89.6308464685
578,Changbangdu,124,Pelkhil HSS,18,27.446639,89.658061,27.4513917224,89.6472442834
579,Changgidaphu,124,Pelkhil HSS,2,27.446639,89.658061,27.4599353896,89.6333761155
580,Changjalu,124,Pelkhil HSS,49,27.446639,89.658061,27.4469707462,89.6587524835
581,Changzamtog,124,Pelkhil HSS,27,27.446639,89.658061,27.4611489703,89.641853715
582,Chanjiji,124,Pelkhil HSS,36,27.446639,89.658061,27.4555043578,89.6529220173
583,Core,124,Pelkhil HSS,5,27.446639,89.658061,27.4733136477,89.6382533581
584,Debsi,124,Pelkhil HSS,6,27.446639,89.658061,27.4315666969,89.6403752994
585,Dechencholing,124,Pelkhil HSS,7,27.446639,89.658061,27.5326052807,89.6425383727
586,Gidakom,124,Pelkhil HSS,4,27.446639,89.658061,27.404767,89.569741
587,Hejo,124,Pelkhil HSS,1,27.446639,89.658061,27.50077888,89.6336932565
588,Hongtsho,124,Pelkhil HSS,1,27.446639,89.658061,27.485941,89.724004
589,Jungshina,124,Pelkhil HSS,6,27.446639,89.658061,27.5107091633,89.6341291296
590,Kawangjangsa,124,Pelkhil HSS,4,27.446639,89.658061,27.4855720912,89.6302952398
591,Khasadrapchu,124,Pelkhil HSS,8,27.446639,89.658061,27.386985,89.584902
592,Langjophakha,124,Pelkhil HSS,4,27.446639,89.658061,27.4958974797,89.6413215052
593,Lubding,124,Pelkhil HSS,1,27.446639,89.658061,27.4497466283,89.6694540333
594,Motithang,124,Pelkhil HSS,14,27.446639,89.658061,27.4766506425,89.6197167055
595,Namseyling,124,Pelkhil HSS,8,27.446639,89.658061,27.404257,89.6064
596,Olakha,124,Pelkhil HSS,121,27.446639,89.658061,27.4469707462,89.6587524835
597,Ramtokto,124,Pelkhil HSS,1,27.446639,89.658061,27.416321,89.622819
598,RTC,124,Pelkhil HSS,1,27.446639,89.658061,27.4034984778,89.6566570452
599,Samtenling,124,Pelkhil HSS,3,27.446639,89.658061,27.50077888,89.6336932565
600,Serbithang,124,Pelkhil HSS,2,27.446639,89.658061,27.4202951523,89.6559116068
601,Simtokha,124,Pelkhil HSS,26,27.446639,89.658061,27.4344083978,89.6678739051
602,Taba,124,Pelkhil HSS,6,27.446639,89.658061,27.5129062519,89.6451777064
603,Tshalubar,124,Pelkhil HSS,3,27.446639,89.658061,27.4377037677,89.6555866401
604,Tshalumarphey,124,Pelkhil HSS,5,27.446639,89.658061,27.4377037677,89.6555866401
605,Yangchenphug,124,Pelkhil HSS,3,27.446639,89.658061,27.467397,89.6467373768
606,Yoselpang,124,Pelkhil HSS,2,27.446639,89.658061,27.462597,89.705355
607,Babesa,125,Phuensum PS,9,27.460509,89.639935,27.4291816677,89.6472096023
608,Changangkha,125,Phuensum PS,2,27.460509,89.639935,27.4724539904,89.6308464685
609,Changbangdu,125,Phuensum PS,2,27.460509,89.639935,27.4513917224,89.6472442834
610,Changgidaphu,125,Phuensum PS,30,27.460509,89.639935,27.4599353896,89.6333761155
611,Changjalu,125,Phuensum PS,6,27.460509,89.639935,27.4469707462,89.6587524835
612,Changzamtog,125,Phuensum PS,48,27.460509,89.639935,27.4611489703,89.641853715
613,Chanjiji,125,Phuensum PS,7,27.460509,89.639935,27.4555043578,89.6529220173
614,Core,125,Phuensum PS,3,27.460509,89.639935,27.4733136477,89.6382533581
615,Debsi,125,Phuensum PS,1,27.460509,89.639935,27.4315666969,89.6403752994
616,Kabisa,125,Phuensum PS,1,27.460509,89.639935,27.5490698811,89.6542996104
617,Kawangjangsa,125,Phuensum PS,1,27.460509,89.639935,27.4855720912,89.6302952398
618,Langjophakha,125,Phuensum PS,1,27.460509,89.639935,27.4958974797,89.6413215052
619,Motithang,125,Phuensum PS,2,27.460509,89.639935,27.4766506425,89.6197167055
620,Olakha,125,Phuensum PS,3,27.460509,89.639935,27.4469707462,89.6587524835
621,Samtenling,125,Phuensum PS,1,27.460509,89.639935,27.50077888,89.6336932565
622,Taba,125,Phuensum PS,2,27.460509,89.639935,27.5129062519,89.6451777064
623,Tshalumarphey,125,Phuensum PS,1,27.460509,89.639935,27.4377037677,89.6555866401
624,Babesa,126,Rinchen HSS,33,27.457872,89.634718,27.4291816677,89.6472096023
625,Bjemina,126,Rinchen HSS,1,27.457872,89.634718,27.402968,89.570704
626,Changangkha,126,Rinchen HSS,17,27.457872,89.634718,27.4724539904,89.6308464685
627,Changbangdu,126,Rinchen HSS,8,27.457872,89.634718,27.4513917224,89.6472442834
628,Changgidaphu,126,Rinchen HSS,37,27.457872,89.634718,27.4599353896,89.6333761155
629,Changjalu,126,Rinchen HSS,7,27.457872,89.634718,27.4469707462,89.6587524835
630,Changzamtog,126,Rinchen HSS,58,27.457872,89.634718,27.4611489703,89.641853715
631,Chanjiji,126,Rinchen HSS,17,27.457872,89.634718,27.4555043578,89.6529220173
632,Core,126,Rinchen HSS,6,27.457872,89.634718,27.4733136477,89.6382533581
633,Debsi,126,Rinchen HSS,1,27.457872,89.634718,27.4315666969,89.6403752994
634,Dechencholing,126,Rinchen HSS,11,27.457872,89.634718,27.5326052807,89.6425383727
635,Gidakom,126,Rinchen HSS,1,27.457872,89.634718,27.404767,89.569741
636,Hejo,126,Rinchen HSS,7,27.457872,89.634718,27.50077888,89.6336932565
637,Jungshina,126,Rinchen HSS,5,27.457872,89.634718,27.5107091633,89.6341291296
638,Kabisa,126,Rinchen HSS,1,27.457872,89.634718,27.5490698811,89.6542996104
639,Kawangjangsa,126,Rinchen HSS,3,27.457872,89.634718,27.4855720912,89.6302952398
640,Kungacholing,126,Rinchen HSS,2,27.457872,89.634718,27.4766506425,89.6197167055
641,Langjophakha,126,Rinchen HSS,2,27.457872,89.634718,27.4958974797,89.6413215052
642,Motithang,126,Rinchen HSS,24,27.457872,89.634718,27.4766506425,89.6197167055
643,Namseyling,126,Rinchen HSS,1,27.457872,89.634718,27.404257,89.6064
644,Olakha,126,Rinchen HSS,20,27.457872,89.634718,27.4469707462,89.6587524835
645,Pamtsho,126,Rinchen HSS,6,27.457872,89.634718,27.5107091633,89.6341291296
646,Samtenling,126,Rinchen HSS,5,27.457872,89.634718,27.50077888,89.6336932565
647,Simtokha,126,Rinchen HSS,4,27.457872,89.634718,27.4344083978,89.6678739051
648,Taba,126,Rinchen HSS,6,27.457872,89.634718,27.5129062519,89.6451777064
649,Yangchenphug,126,Rinchen HSS,1,27.457872,89.634718,27.467397,89.6467373768
650,Zilukha,126,Rinchen HSS,3,27.457872,89.634718,27.4855720912,89.6302952398
651,Babesa,127,Rinchen Kuenphen PS,44,27.475194,89.630542,27.4291816677,89.6472096023
652,Begana,127,Rinchen Kuenphen PS,2,27.475194,89.630542,27.5718908596,89.6357002125
653,Changangkha,127,Rinchen Kuenphen PS,330,27.475194,89.630542,27.4724539904,89.6308464685
654,Changbangdu,127,Rinchen Kuenphen PS,12,27.475194,89.630542,27.4513917224,89.6472442834
655,Changgidaphu,127,Rinchen Kuenphen PS,46,27.475194,89.630542,27.4599353896,89.6333761155
656,Changjalu,127,Rinchen Kuenphen PS,28,27.475194,89.630542,27.4469707462,89.6587524835
657,Changzamtog,127,Rinchen Kuenphen PS,83,27.475194,89.630542,27.4611489703,89.641853715
658,Chanjiji,127,Rinchen Kuenphen PS,50,27.475194,89.630542,27.4555043578,89.6529220173
659,Core,127,Rinchen Kuenphen PS,84,27.475194,89.630542,27.4733136477,89.6382533581
660,Debsi,127,Rinchen Kuenphen PS,7,27.475194,89.630542,27.4315666969,89.6403752994
661,Dechencholing,127,Rinchen Kuenphen PS,12,27.475194,89.630542,27.5326052807,89.6425383727
662,Dzong,127,Rinchen Kuenphen PS,1,27.475194,89.630542,27.4883002592,89.635544727
663,Gidakom,127,Rinchen Kuenphen PS,1,27.475194,89.630542,27.404767,89.569741
664,Hejo,127,Rinchen Kuenphen PS,29,27.475194,89.630542,27.50077888,89.6336932565
665,Jungshina,127,Rinchen Kuenphen PS,53,27.475194,89.630542,27.5107091633,89.6341291296
666,Kabisa,127,Rinchen Kuenphen PS,13,27.475194,89.630542,27.5490698811,89.6542996104
667,Kawangjangsa,127,Rinchen Kuenphen PS,40,27.475194,89.630542,27.4855720912,89.6302952398
668,Langjophakha,127,Rinchen Kuenphen PS,31,27.475194,89.630542,27.4958974797,89.6413215052
669,Lubding,127,Rinchen Kuenphen PS,1,27.475194,89.630542,27.4497466283,89.6694540333
670,Motithang,127,Rinchen Kuenphen PS,118,27.475194,89.630542,27.4766506425,89.6197167055
671,Olakha,127,Rinchen Kuenphen PS,35,27.475194,89.630542,27.4469707462,89.6587524835
672,Pamtsho,127,Rinchen Kuenphen PS,23,27.475194,89.630542,27.5107091633,89.6341291296
673,Ramtokto,127,Rinchen Kuenphen PS,1,27.475194,89.630542,27.416321,89.622819
674,RTC,127,Rinchen Kuenphen PS,2,27.475194,89.630542,27.4034984778,89.6566570452
675,Samtenling,127,Rinchen Kuenphen PS,18,27.475194,89.630542,27.50077888,89.6336932565
676,Serbithang,127,Rinchen Kuenphen PS,4,27.475194,89.630542,27.4202951523,89.6559116068
677,Simtokha,127,Rinchen Kuenphen PS,28,27.475194,89.630542,27.4344083978,89.6678739051
678,Taba,127,Rinchen Kuenphen PS,34,27.475194,89.630542,27.5129062519,89.6451777064
679,Tshalumarphey,127,Rinchen Kuenphen PS,8,27.475194,89.630542,27.4377037677,89.6555866401
680,Yangchenphug,127,Rinchen Kuenphen PS,26,27.475194,89.630542,27.467397,89.6467373768
681,Yoselpang,127,Rinchen Kuenphen PS,1,27.475194,89.630542,27.462597,89.705355
682,Zilukha,127,Rinchen Kuenphen PS,4,27.475194,89.630542,27.4855720912,89.6302952398
683,Babesa,128,Sersang PS,3,27.475204,89.620175,27.4291816677,89.6472096023
684,Changangkha,128,Sersang PS,5,27.475204,89.620175,27.4724539904,89.6308464685
685,Changbangdu,128,Sersang PS,1,27.475204,89.620175,27.4513917224,89.6472442834
686,Changgidaphu,128,Sersang PS,1,27.475204,89.620175,27.4599353896,89.6333761155
687,Changzamtog,128,Sersang PS,5,27.475204,89.620175,27.4611489703,89.641853715
688,Core,128,Sersang PS,4,27.475204,89.620175,27.4733136477,89.6382533581
689,Debsi,128,Sersang PS,1,27.475204,89.620175,27.4315666969,89.6403752994
690,Khasadrapchu,128,Sersang PS,1,27.475204,89.620175,27.386985,89.584902
691,Kungacholing,128,Sersang PS,1,27.475204,89.620175,27.4766506425,89.6197167055
692,Langjophakha,128,Sersang PS,5,27.475204,89.620175,27.4958974797,89.6413215052
693,Motithang,128,Sersang PS,28,27.475204,89.620175,27.4766506425,89.6197167055
694,Olakha,128,Sersang PS,3,27.475204,89.620175,27.4469707462,89.6587524835
695,Pamtsho,128,Sersang PS,2,27.475204,89.620175,27.5107091633,89.6341291296
696,Serbithang,128,Sersang PS,1,27.475204,89.620175,27.4202951523,89.6559116068
697,Simtokha,128,Sersang PS,9,27.475204,89.620175,27.4344083978,89.6678739051
698,Taba,128,Sersang PS,8,27.475204,89.620175,27.5129062519,89.6451777064
699,Tshalumarphey,128,Sersang PS,2,27.475204,89.620175,27.4377037677,89.6555866401
700,Zilukha,128,Sersang PS,2,27.475204,89.620175,27.4855720912,89.6302952398
701,Babesa,129,Sunshine PS,6,27.476602,89.627194,27.4291816677,89.6472096023
702,Changangkha,129,Sunshine PS,24,27.476602,89.627194,27.4724539904,89.6308464685
703,Changbangdu,129,Sunshine PS,1,27.476602,89.627194,27.4513917224,89.6472442834
704,Changjalu,129,Sunshine PS,1,27.476602,89.627194,27.4469707462,89.6587524835
705,Chanjiji,129,Sunshine PS,1,27.476602,89.627194,27.4555043578,89.6529220173
706,Core,129,Sunshine PS,1,27.476602,89.627194,27.4733136477,89.6382533581
707,Dechencholing,129,Sunshine PS,1,27.476602,89.627194,27.5326052807,89.6425383727
708,Jungshina,129,Sunshine PS,1,27.476602,89.627194,27.5107091633,89.6341291296
709,Langjophakha,129,Sunshine PS,3,27.476602,89.627194,27.4958974797,89.6413215052
710,Lubding,129,Sunshine PS,1,27.476602,89.627194,27.4497466283,89.6694540333
711,Motithang,129,Sunshine PS,46,27.476602,89.627194,27.4766506425,89.6197167055
712,Olakha,129,Sunshine PS,1,27.476602,89.627194,27.4469707462,89.6587524835
713,Pamtsho,129,Sunshine PS,2,27.476602,89.627194,27.5107091633,89.6341291296
714,Samtenling,129,Sunshine PS,2,27.476602,89.627194,27.50077888,89.6336932565
715,Simtokha,129,Sunshine PS,2,27.476602,89.627194,27.4344083978,89.6678739051
716,Taba,129,Sunshine PS,3,27.476602,89.627194,27.5129062519,89.6451777064
717,Yangchenphug,129,Sunshine PS,1,27.476602,89.627194,27.467397,89.6467373768
718,Changzamtog,130,Taba LSS,1,27.512519,89.648353,27.4611489703,89.641853715
719,Debsi,130,Taba LSS,1,27.512519,89.648353,27.4315666969,89.6403752994
720,Dechencholing,130,Taba LSS,56,27.512519,89.648353,27.5326052807,89.6425383727
721,Kabisa,130,Taba LSS,2,27.512519,89.648353,27.5490698811,89.6542996104
722,Kawangjangsa,130,Taba LSS,1,27.512519,89.648353,27.4855720912,89.6302952398
723,Langjophakha,130,Taba LSS,1,27.512519,89.648353,27.4958974797,89.6413215052
724,Motithang,130,Taba LSS,1,27.512519,89.648353,27.4766506425,89.6197167055
725,Pamtsho,130,Taba LSS,3,27.512519,89.648353,27.5107091633,89.6341291296
726,Taba,130,Taba LSS,267,27.512519,89.648353,27.5129062519,89.6451777064
727,Begana,131,Thimphu PS,1,27.463673,89.643385,27.5718908596,89.6357002125
728,Changangkha,131,Thimphu PS,1,27.463673,89.643385,27.4724539904,89.6308464685
729,Changzamtog,131,Thimphu PS,4,27.463673,89.643385,27.4611489703,89.641853715
730,Core,131,Thimphu PS,1,27.463673,89.643385,27.4733136477,89.6382533581
731,Dechencholing,131,Thimphu PS,1,27.463673,89.643385,27.5326052807,89.6425383727
732,Langjophakha,131,Thimphu PS,1,27.463673,89.643385,27.4958974797,89.6413215052
733,RTC,131,Thimphu PS,1,27.463673,89.643385,27.4034984778,89.6566570452
734,Zilukha,131,Thimphu PS,2,27.463673,89.643385,27.4855720912,89.6302952398
735,Babesa,132,Yangchenphu HSS,85,27.466553,89.646839,27.4291816677,89.6472096023
736,Begana,132,Yangchenphu HSS,1,27.466553,89.646839,27.5718908596,89.6357002125
737,Bjemina,132,Yangchenphu HSS,1,27.466553,89.646839,27.402968,89.570704
738,Changangkha,132,Yangchenphu HSS,25,27.466553,89.646839,27.4724539904,89.6308464685
739,Changbangdu,132,Yangchenphu HSS,44,27.466553,89.646839,27.4513917224,89.6472442834
740,Changgidaphu,132,Yangchenphu HSS,34,27.466553,89.646839,27.4599353896,89.6333761155
741,Changjalu,132,Yangchenphu HSS,44,27.466553,89.646839,27.4469707462,89.6587524835
742,Changzamtog,132,Yangchenphu HSS,181,27.466553,89.646839,27.4611489703,89.641853715
743,Chanjiji,132,Yangchenphu HSS,133,27.466553,89.646839,27.4555043578,89.6529220173
744,Core,132,Yangchenphu HSS,46,27.466553,89.646839,27.4733136477,89.6382533581
745,Debsi,132,Yangchenphu HSS,7,27.466553,89.646839,27.4315666969,89.6403752994
746,Dechencholing,132,Yangchenphu HSS,27,27.466553,89.646839,27.5326052807,89.6425383727
747,Gangchey,132,Yangchenphu HSS,1,27.466553,89.646839,27.4177850318,89.6418826587
748,Gidakom,132,Yangchenphu HSS,8,27.466553,89.646839,27.404767,89.569741
749,Hejo,132,Yangchenphu HSS,10,27.466553,89.646839,27.50077888,89.6336932565
750,Jungshina,132,Yangchenphu HSS,14,27.466553,89.646839,27.5107091633,89.6341291296
751,Kabisa,132,Yangchenphu HSS,8,27.466553,89.646839,27.5490698811,89.6542996104
752,Kawangjangsa,132,Yangchenphu HSS,9,27.466553,89.646839,27.4855720912,89.6302952398
753,Khasadrapchu,132,Yangchenphu HSS,10,27.466553,89.646839,27.386985,89.584902
754,Langjophakha,132,Yangchenphu HSS,29,27.466553,89.646839,27.4958974797,89.6413215052
755,Lubding,132,Yangchenphu HSS,6,27.466553,89.646839,27.4497466283,89.6694540333
756,Motithang,132,Yangchenphu HSS,14,27.466553,89.646839,27.4766506425,89.6197167055
757,Namseyling,132,Yangchenphu HSS,6,27.466553,89.646839,27.404257,89.6064
758,Olakha,132,Yangchenphu HSS,91,27.466553,89.646839,27.4469707462,89.6587524835
759,Pamtsho,132,Yangchenphu HSS,2,27.466553,89.646839,27.5107091633,89.6341291296
760,Ramtokto,132,Yangchenphu HSS,6,27.466553,89.646839,27.416321,89.622819
761,RTC,132,Yangchenphu HSS,7,27.466553,89.646839,27.4034984778,89.6566570452
762,Samtenling,132,Yangchenphu HSS,14,27.466553,89.646839,27.50077888,89.6336932565
763,Serbithang,132,Yangchenphu HSS,7,27.466553,89.646839,27.4202951523,89.6559116068
764,Simtokha,132,Yangchenphu HSS,29,27.466553,89.646839,27.4344083978,89.6678739051
765,Taba,132,Yangchenphu HSS,20,27.466553,89.646839,27.5129062519,89.6451777064
766,Tshalumarphey,132,Yangchenphu HSS,7,27.466553,89.646839,27.4377037677,89.6555866401
767,Yangchenphug,132,Yangchenphu HSS,42,27.466553,89.646839,27.467397,89.6467373768
768,Yoselpang,132,Yangchenphu HSS,4,27.466553,89.646839,27.462597,89.705355
769,Zilukha,132,Yangchenphu HSS,9,27.466553,89.646839,27.4855720912,89.6302952398
770,Babesa,133,Zilnoen Namgyelling LSS,25,27.462297,89.641859,27.4291816677,89.6472096023
771,Begana,133,Zilnoen Namgyelling LSS,1,27.462297,89.641859,27.5718908596,89.6357002125
772,Bjemina,133,Zilnoen Namgyelling LSS,2,27.462297,89.641859,27.402968,89.570704
773,Changangkha,133,Zilnoen Namgyelling LSS,12,27.462297,89.641859,27.4724539904,89.6308464685
774,Changbangdu,133,Zilnoen Namgyelling LSS,12,27.462297,89.641859,27.4513917224,89.6472442834
775,Changgidaphu,133,Zilnoen Namgyelling LSS,90,27.462297,89.641859,27.4599353896,89.6333761155
776,Changjalu,133,Zilnoen Namgyelling LSS,11,27.462297,89.641859,27.4469707462,89.6587524835
777,Changzamtog,133,Zilnoen Namgyelling LSS,446,27.462297,89.641859,27.4611489703,89.641853715
778,Chanjiji,133,Zilnoen Namgyelling LSS,20,27.462297,89.641859,27.4555043578,89.6529220173
779,Core,133,Zilnoen Namgyelling LSS,67,27.462297,89.641859,27.4733136477,89.6382533581
780,Dechencholing,133,Zilnoen Namgyelling LSS,4,27.462297,89.641859,27.5326052807,89.6425383727
781,Dzong,133,Zilnoen Namgyelling LSS,1,27.462297,89.641859,27.4883002592,89.635544727
782,Hejo,133,Zilnoen Namgyelling LSS,2,27.462297,89.641859,27.50077888,89.6336932565
783,Jungshina,133,Zilnoen Namgyelling LSS,8,27.462297,89.641859,27.5107091633,89.6341291296
784,Kabisa,133,Zilnoen Namgyelling LSS,1,27.462297,89.641859,27.5490698811,89.6542996104
785,Kawangjangsa,133,Zilnoen Namgyelling LSS,1,27.462297,89.641859,27.4855720912,89.6302952398
786,Langjophakha,133,Zilnoen Namgyelling LSS,11,27.462297,89.641859,27.4958974797,89.6413215052
787,Motithang,133,Zilnoen Namgyelling LSS,4,27.462297,89.641859,27.4766506425,89.6197167055
788,Namseyling,133,Zilnoen Namgyelling LSS,1,27.462297,89.641859,27.404257,89.6064
789,Olakha,133,Zilnoen Namgyelling LSS,13,27.462297,89.641859,27.4469707462,89.6587524835
790,Pamtsho,133,Zilnoen Namgyelling LSS,4,27.462297,89.641859,27.5107091633,89.6341291296
791,Ramtokto,133,Zilnoen Namgyelling LSS,1,27.462297,89.641859,27.416321,89.622819
792,RTC,133,Zilnoen Namgyelling LSS,2,27.462297,89.641859,27.4034984778,89.6566570452
793,Samtenling,133,Zilnoen Namgyelling LSS,32,27.462297,89.641859,27.50077888,89.6336932565
794,Simtokha,133,Zilnoen Namgyelling LSS,15,27.462297,89.641859,27.4344083978,89.6678739051
795,Taba,133,Zilnoen Namgyelling LSS,3,27.462297,89.641859,27.5129062519,89.6451777064
796,Tshalumarphey,133,Zilnoen Namgyelling LSS,1,27.462297,89.641859,27.4377037677,89.6555866401
797,Yangchenphug,133,Zilnoen Namgyelling LSS,19,27.462297,89.641859,27.467397,89.6467373768
798,Zilukha,133,Zilnoen Namgyelling LSS,4,27.462297,89.641859,27.4855720912,89.6302952398
799,Babesa,134,Zilukha MSS,17,27.48831,89.63018,27.4291816677,89.6472096023
800,Begana,134,Zilukha MSS,19,27.48831,89.63018,27.5718908596,89.6357002125
801,Changangkha,134,Zilukha MSS,22,27.48831,89.63018,27.4724539904,89.6308464685
802,Changbangdu,134,Zilukha MSS,3,27.48831,89.63018,27.4513917224,89.6472442834
803,Changgidaphu,134,Zilukha MSS,3,27.48831,89.63018,27.4599353896,89.6333761155
804,Changjalu,134,Zilukha MSS,8,27.48831,89.63018,27.4469707462,89.6587524835
805,Changzamtog,134,Zilukha MSS,7,27.48831,89.63018,27.4611489703,89.641853715
806,Chanjiji,134,Zilukha MSS,14,27.48831,89.63018,27.4555043578,89.6529220173
807,Core,134,Zilukha MSS,21,27.48831,89.63018,27.4733136477,89.6382533581
808,Dechencholing,134,Zilukha MSS,22,27.48831,89.63018,27.5326052807,89.6425383727
809,Dzong,134,Zilukha MSS,3,27.48831,89.63018,27.4883002592,89.635544727
810,Hejo,134,Zilukha MSS,224,27.48831,89.63018,27.50077888,89.6336932565
811,Jungshina,134,Zilukha MSS,193,27.48831,89.63018,27.5107091633,89.6341291296
812,Kabisa,134,Zilukha MSS,4,27.48831,89.63018,27.5490698811,89.6542996104
813,Kawangjangsa,134,Zilukha MSS,27,27.48831,89.63018,27.4855720912,89.6302952398
814,Khasadrapchu,134,Zilukha MSS,2,27.48831,89.63018,27.386985,89.584902
815,Langjophakha,134,Zilukha MSS,107,27.48831,89.63018,27.4958974797,89.6413215052
816,Motithang,134,Zilukha MSS,34,27.48831,89.63018,27.4766506425,89.6197167055
817,Olakha,134,Zilukha MSS,10,27.48831,89.63018,27.4469707462,89.6587524835
818,Pamtsho,134,Zilukha MSS,89,27.48831,89.63018,27.5107091633,89.6341291296
819,Ramtokto,134,Zilukha MSS,3,27.48831,89.63018,27.416321,89.622819
820,Samtenling,134,Zilukha MSS,113,27.48831,89.63018,27.50077888,89.6336932565
821,Serbithang,134,Zilukha MSS,2,27.48831,89.63018,27.4202951523,89.6559116068
822,Simtokha,134,Zilukha MSS,8,27.48831,89.63018,27.4344083978,89.6678739051
823,Taba,134,Zilukha MSS,24,27.48831,89.63018,27.5129062519,89.6451777064
824,Tshalumarphey,134,Zilukha MSS,1,27.48831,89.63018,27.4377037677,89.6555866401
825,Yangchenphug,134,Zilukha MSS,8,27.48831,89.63018,27.467397,89.6467373768
826,Zilukha,134,Zilukha MSS,306,27.48831,89.63018,27.4855720912,89.6302952398